Date,What data are you requesting?,Which state agency maintains this data?,Other - Which state agency maintains this data?,How would you categorize this data?,Other - How would you categorize this data?,How do you plan on using this data?,Other - How do you plan on using this data?,Provide any additional information about how you plan to use the data that may help us respond to your request.,Is this data spatial (e.g. maps) or tabular (e.g. tables or spreadsheets)?,What type of spatial data are you looking for?,Other - What type of spatial data are you looking for?,Response (if available)
05/22/2024,LOOKING FOR ALL REGISTERED TRADES BUSINESSES,I don't know.,,Other,licensed trades in CT,For work (e.g. using data on the Portal as part of my professional work),,DOING A PROJECT COMPARING VARIOUS TRADES BUSINESSES ACROSS STATES,Tabular (e.g. tables or spreadsheets),,,"The dataset State Licenses and Credentials (https://data.ct.gov/Business/State-Licenses-and-Credentials/ngch-56tr/about_data) lists all licenses and credentials in the state's eLicense system, which includes over 800 credential types issued and regulated by the state. Credential types include licenses, registrations, permits, and certifications for individuals organizations, and facilities."
05/28/2024,"Stamford, Connecticut, Stamford High School 1997 Faculty directory",State Department of Education,,Demographics,,For personal use (e.g. to find data about my community or other topics of personal interest),,"I taught at Stamford High School full time from [redacted] (confirmed by the former principal), but the HR department has NO record of my existence",Not sure,,,"The State Department of Education does not have any data from the timeframe requested. They suggested that you reach out to the school district. 

This page on the Stamford Public Schools website has information for former faculty that might be helpful: https://www.stamfordpublicschools.org/departments/human-resources/former-employees"
05/29/2024,"One Excel file with all the cities in Fairfield County, or an Excel file for each.",I don't know.,,Other,,For work (e.g. using data on the Portal as part of my professional work),,I offer creative services in Fairfield County.,Tabular (e.g. tables or spreadsheets),,,All municipalities in Connecticut are listed in the dataset on the Portal available here: https://data.ct.gov/Government/CT-Municipalities/5c5g-mddb/about_data.
06/07/2024,Crime data by town and year from 2000 to present,Department of Emergency Services and Public Protection,,Public safety,,For research (e.g. to find data for academic or public policy research),,"I am planning to use this data to predict the real estates prices depending upon the factors such as crime, schools, hospitals etc.",Tabular (e.g. tables or spreadsheets),,,"The CT Department of Emergency Services and Public Protection makes data on crime in Connecticut available at https://ct.beyond2020.com/. Crime data is continuously collected from all law enforcement agencies in the state, validated and made available for reporting. Reports on this site are updated nightly.

Additional data from DESPP is available here: https://portal.ct.gov/DESPP/Division-of-State-Police/Crimes-Analysis-Unit/Crimes-Analysis-Unit"
06/11/2024,"Will you be released an updated COVID-19 Vaccination by Town and Race/Ethnicity for this 2023-2024 respiratory season that just ended?  And/or by Census Tract?  These two reports used to be issued weekly and were *extremely* helpful to evaluate and adjust  our public health community outreach efforts, and plan for the upcoming season.",Department of Public Health,,Health and human services,,For work (e.g. using data on the Portal as part of my professional work),,To be used by the City of Stamford Dept. of Health & Human Services for our COVID-19 evaluation and planning for 2024-2025 season.,Tabular (e.g. tables or spreadsheets),,,Request forwarded to agency
06/12/2024,"Since Connecticut has stopped publishing the Weekly Viral Respiratory Disease Case Summary, I am looking for information on the spread of Covid 19. In particular, I am interested in hospital inpatients testing positive for Covid. I am also interested in the number of individuals testing positive for Covid, as well as Covid deaths. I would like access to this information on a weekly basis.",Department of Public Health,,Demographics,,For personal use (e.g. to find data about my community or other topics of personal interest),,"I have been tracking this data since the spring of 2020 and am very disappointed that it does not seem to be readily available after May 30, 2024. Thank you for any help you can provide.",Tabular (e.g. tables or spreadsheets),,,Request forwarded to agency
06/20/2024,List of geothermal installation jobs in Fairfield county,I don't know.,,Other,,For work (e.g. using data on the Portal as part of my professional work),,,Tabular (e.g. tables or spreadsheets),,,Follow up sent to request more information.
06/21/2024,UST removal,Department of Energy and Environmental Protection,,Other,UST removal 1980-2006,Other,Researching to determine if there is a record of UST removal or spill remediation,For a real estate transaction,Not sure,,,"There are several datasets about UST on the Portal:
Regarding Tank Removal information, this data sets includes tank removal information in the column called Closure Type:
Underground Storage Tanks (USTs) - Facility and Tank Details (https://data.ct.gov/Environment-and-Natural-Resources/Underground-Storage-Tanks-USTs-Facility-and-Tank-D/utni-rddb); 
These 3 data sets may be of interest regarding Remediation:
Releases from Federally Regulated Underground Storage Tank Systems (https://data.ct.gov/Environment-and-Natural-Resources/Releases-from-Federally-Regulated-Underground-Stor/yc6z-jrb5);
List of Contaminated or Potentially Contaminated Sites - SASU Case Management System (https://data.ct.gov/Environment-and-Natural-Resources/List-of-Contaminated-or-Potentially-Contaminated-S/77ya-7twa);
List of Contaminated or Potentially Contaminated Sites - Remediation Division (https://data.ct.gov/Environment-and-Natural-Resources/List-of-Contaminated-or-Potentially-Contaminated-S/u76p-weqj).
If you have more questions about USTs, you can get in touch with the Site Assessment and Support Unit (SASU) at DEEP at this email: DEEP.Leakingust@ct.gov"
06/23/2024,"Economic Data:

Property values
Local business presence
Tax rates
 for the following Connecticut zip codes 06830, 06824, 06877, 06840, 06880, and 06820",I don't know.,,Business,,For school (e.g. for school projects),,,Tabular (e.g. tables or spreadsheets),,,"I'm writing in response to your request for data on the CT Open Data Portal for data on property values, local businesses, and tax rates. I'll include links to a few datasets that I hope will help address your request below:

Real Estate Sales 2001-2021 GL - This dataset includes all real estate sales with a sales price of $2,000 or greater. It also includes the assessed value and sales amount for each property. It includes a street address and town for each property. (https://data.ct.gov/Housing-and-Development/Real-Estate-Sales-2001-2021-GL/5mzw-sjtu/about_data);
Tax Levy by Town, FY2019-2025 - This dataset includes the tax levy by town including the net levy for real property, personal property, motor vehicles, and supplemental motor vehicles. This data is reported at the town level. (https://data.ct.gov/Government/Tax-Levy-by-Town-FY-2019-2025/he33-brru/about_data);
Connecticut Business Registry - Business Master - This dataset includes all businesses registered with the Secretary of the State. It includes the street address, city, and zip for each business. (https://data.ct.gov/Business/Connecticut-Business-Registry-Business-Master/n7gp-d28j/about_data)"
06/27/2024,"Health care data including health conditions, treatment, medical visits, available medical services, health disparities, chronic conditions, and health outcomes of Connecticut prison inmates by facility.",I don't know.,,Health and human services,,For work (e.g. using data on the Portal as part of my professional work),,Federal grant applications.,Tabular (e.g. tables or spreadsheets),,,The Department of Correction advised that this request should be made through the DOC FOI portal here: https://docct.govqa.us/WEBAPP/_rs/(S(qtbqrikwer33zmnk2batzhug))/supporthome.aspx
07/10/2024,pedestrian safety,I don't know.,,Transportation,,Other,working with a sustainability committee in town,"One aspect of sustainability we are exploring is providing equal access to safe opportunities for walking, biking and other aspects of recreation, and potentially, to reduce vehicle use in the downtown areas (i.e., provide more opportunities for walking).",Not sure,,,"I'm writing in response to your request for pedestrian safety data on the CT Open Data Portal. The Department of Transportation shared two datasets that have information that might be useful to you:

Shoulders: https://connecticut-ctdot.opendata.arcgis.com/datasets/CTDOT::ctdot-roadway-classification-and-characteristic-data?layer=25
The ShoulderUsageDescription column includes ""Bike"" as an option
Lanes: https://connecticut-ctdot.opendata.arcgis.com/datasets/CTDOT::ctdot-roadway-classification-and-characteristic-data?layer=21 
The LaneTypeDescription column includes ""Bike Only"" as an option

These two datasets are vetted and maintained by DOT. DOT is also working on additional projects such as sidewalk collection and bike lanes, but those data are not yet publicly available. To access the data that are not yet public, you could submit a FOIA request to DOT. More information about FOIA is available here: https://portal.ct.gov/dot/general/foi-requests#:~:text=Making%20a%20Freedom%20Of%20Information%20(FOI)%20Request%20Through%20CTDOT,-Overview&text=The%20Connecticut%20Freedom%20of%20Information,online%20FOI%20request%20form%20here.&text=CTDOT%20has%20implemented%20an%20online%20FOI%20management%20system%20called%20GovQA.."
07/18/2024,rural high need schools in the state,Other,Education database,Demographics,,For personal use (e.g. to find data about my community or other topics of personal interest),,,Tabular (e.g. tables or spreadsheets),,,"We don't have data on rural high school needs specifically on the Open Data Portal currently, but I would recommend starting with the Education Directory dataset (https://data.ct.gov/Education/Education-Directory/9k2y-kqxn/about_data), which lists all the schools in the state. Depending on how you want to define ""rural"" and ""high needs"" you can filter the dataset using school- or town-level data. For additional data on schools in Connecticut, you can refer to the State Department of Education's website EdSight (https://public-edsight.ct.gov/?language=en_US)."
07/23/2024,Is there a comprehensive listing of health inspections of all food establishments in Connecticut.  I can't believe New York is beating us on this transparency issue.,I don't know.,,Business,,For personal use (e.g. to find data about my community or other topics of personal interest),,It can go into restaurant reviews.,Tabular (e.g. tables or spreadsheets),,,Request forwarded to agency
07/27/2024,"statewide data on energy hosting capacity, preferably by town/zip code.",I don't know.,,Infrastructure,,For research (e.g. to find data for academic or public policy research),,,Spatial (e.g. maps),Statewide,,Request forwarded to agency
07/28/2024,affordable housing units by town,Department of Housing,,Housing and development,,For work (e.g. using data on the Portal as part of my professional work),,,Tabular (e.g. tables or spreadsheets),,,The CT Department of Housing publishes this dataset that may address your question: Affordable Housing by Town 2011-2023 (https://data.ct.gov/Housing-and-Development/Affordable-Housing-by-Town-2011-2023/3udy-56vi/about_data).
08/01/2024,Workforce data for Executive Branch.  Number of Days to Fill a state position.,Department of Administrative Services,,Business,,For work (e.g. using data on the Portal as part of my professional work),,"As part of the CDC Public Health Infrastructure Grant, we are required to report Workforce-related data for the Dept of Public Health.   This data on number of days to hire has been provided to us via ad-hoc request.   Because we are reporting this regularly, we are interested in having this as a standard report available on data.ct.gov.",Tabular (e.g. tables or spreadsheets),,,Request forwarded to agency
08/02/2024,If an oil tank has been removed from [redacted] circa 2003,I don't know.,,Business,,For work (e.g. using data on the Portal as part of my professional work),,I am a realtor and need to know if an underground oil tank was removed.,Not sure,,,"There are several datasets about UST on the Portal:
Regarding Tank Removal information, this data sets includes tank removal information in the column called Closure Type:
Underground Storage Tanks (USTs) - Facility and Tank Details (https://data.ct.gov/Environment-and-Natural-Resources/Underground-Storage-Tanks-USTs-Facility-and-Tank-D/utni-rddb); 
These 3 data sets may be of interest regarding Remediation:
Releases from Federally Regulated Underground Storage Tank Systems (https://data.ct.gov/Environment-and-Natural-Resources/Releases-from-Federally-Regulated-Underground-Stor/yc6z-jrb5);
List of Contaminated or Potentially Contaminated Sites - SASU Case Management System (https://data.ct.gov/Environment-and-Natural-Resources/List-of-Contaminated-or-Potentially-Contaminated-S/77ya-7twa);
List of Contaminated or Potentially Contaminated Sites - Remediation Division (https://data.ct.gov/Environment-and-Natural-Resources/List-of-Contaminated-or-Potentially-Contaminated-S/u76p-weqj).
If you have more questions about USTs, you can get in touch with the Site Assessment and Support Unit (SASU) at DEEP at this email: DEEP.Leakingust@ct.gov"
08/08/2024,I would like to see the state employee workforce data by male and female can you share that data?,I don't know.,,Other,female participation rate in state government and agency and municipality employment,For work (e.g. using data on the Portal as part of my professional work),,,Not sure,,,Request forwarded to agency
08/09/2024,I'd really like to see a dataset around the projects that the local towns and cities are using their ARPA allocations to fund.,I don't know.,,Local government,,For work (e.g. using data on the Portal as part of my professional work),,I'm a reporter. I'm trying to do a comparison of what different towns/cities are spending those ARPA dollars on.,Tabular (e.g. tables or spreadsheets),,,"Two ARPA related resources that include information on some municipal projects are: 
American Rescue Plan Project Inventory (https://data.ct.gov/Government/American-Rescue-Plan-Project-Inventory/rcur-2uns/about_data);
American Rescue Plan Act (ARPA) Funding & Project Inventory Dashboard (https://data.ct.gov/stories/s/d8eu-4zpa)"
08/12/2024,The data I am requesting is the underlying data of the public insurance license search tool. I am interested in data on all brokers and agents that sell health insurance between 2000-present or the earliest date available (including insurers that do not have active licenses). Below is the full list of the specific data variables I am interested in. Data Variables of Interest: Broker/Agent Name NPN Domicile State Resident Address Business Address Resident State License Information License Type License number (in the excel file already so not needed) Status date Effective date Expiration date Legacy License ID Designated Home State Line of Authority Information Line Name Qualification School Codes Exam/Certif Date Line Status Status Date Effective Date Designated Responsible Licensed Producer Alias Names Continuing Education Information Appointments Company Name NAIC CoCode License Type Line of Authority Appointment Date Effective Date Expiration Date Business Entity Affiliations,Department of Insurance,,Business,,For research (e.g. to find data for academic or public policy research),,"Many individuals choose their health plan with the help of insurance producers (or insurance agents). Understanding how the presence of insurance agents changes over time, with different regulations will help us understand plan choice, especially in the Medicare market where seniors and individuals with disabilities disproportionately rely on insurance agents.",Tabular (e.g. tables or spreadsheets),,,Request forwarded to agency
08/12/2024,CT Open Data for death records in Hartford CT in 1935,I don't know.,,Local government,,For personal use (e.g. to find data about my community or other topics of personal interest),,For Genealogical Research on my family,Tabular (e.g. tables or spreadsheets),,,"This information can be found in the Connecticut Vital Records - Index of Deaths, 1897-2001 dataset at this link: https://data.ct.gov/History/Connecticut-Vital-Records-Index-of-Deaths-1897-200/psf6-3vsu/about_data"
08/14/2024,Grand list break down by property for tax years 2000 - 2024,Office of Policy and Management,,Local government,,Other,Special tax district analysis,,Tabular (e.g. tables or spreadsheets),,,Grand list data is available in the dataset: Net Grand List by Town (https://data.ct.gov/Local-Government/Net-Grand-List-by-Town-2011-2023/webp-fgt3/about_data).
08/26/2024,I am looking to get a listing of agency addresses/locations,I don't know.,,Government,,For work (e.g. using data on the Portal as part of my professional work),,"I am working as part of the team on the DAS/BITS help desk system, and we are currently in the process of creating an asset database and are interested in relating assets to specific locations. Having a breakdown of addresses associated with specific agencies would be very helpful, and as of yet we have been unable to find a cohesive list containing this information. If this data is available it would be very useful in making our system accurate and effective. Thank you in advance for any assistance you may be able to provide!",Tabular (e.g. tables or spreadsheets),,,"OPM maintains the state inventory of real property, linked to below:

Inventory  of real property info: https://portal.ct.gov/opm/finance-assets/jestir/state-real-property-inventory
State Owned Buildings dataset: https://data.ct.gov/Government/State-Owned-Buildings/6htq-gj2r/about_data
Leased state locations: https://data.ct.gov/Government/Leased-State-Locations/u2up-g29d/about_data"
08/29/2024,List of contaminated properties statewide,Department of Energy and Environmental Protection,,Business,,For personal use (e.g. to find data about my community or other topics of personal interest),,,Tabular (e.g. tables or spreadsheets),,,"Contaminated sites are listed in two datasets:
List of Contaminated or Potentially Contaminated Sites - Remediation Division (https://data.ct.gov/Environment-and-Natural-Resources/List-of-Contaminated-or-Potentially-Contaminated-S/u76p-weqj/about_data)
List of Contaminated or Potentially Contaminated Sites - SASU Case Management System (https://data.ct.gov/Environment-and-Natural-Resources/List-of-Contaminated-or-Potentially-Contaminated-S/77ya-7twa/about_data)"
09/04/2024,New formation of LLC's from Bridgeport.,I don't know.,,Business,,For work (e.g. using data on the Portal as part of my professional work),,,Tabular (e.g. tables or spreadsheets),,,This information can be found in the Connecticut Business Registry database (https://data.ct.gov/Business/Connecticut-Business-Registry-Business-Master/n7gp-d28j/about_data) managed by the Office of the Secretary of the State.
09/05/2024,"Traffic Stops counts per year for the last 10 year to include 2024 to 2014. I would like to see the counts per police department. Additionally I would like to add to the same dataset, the total number of employed police officers per town per year for last 10 years by year. The Rows should be by Police department. The columns should be each Year and Police department headcount for that year (e.g. 2024, 2024 Police head count,  2023, 2023 Police headcount, 2022, Police headcount  etc. The data defined in the rows and columns will be Total count of Traffic Stops for 2024, 2023, 2022 etc. and the Police headcount Row's data should be the Total reported head count for the specified Police Department for that year. 
Example:
Police Department | 2024 | 2024 Head count | 2023 | 2023 Head count | etc.
Ansonia                    |        X |                              X |        X |                             X |",Department of Emergency Services and Public Protection,,Public safety,,For personal use (e.g. to find data about my community or other topics of personal interest),,"As a parent, taxpayer and member of the CT community, I am requesting this data for analysis.",Tabular (e.g. tables or spreadsheets),,,"The traffic stop data is available on the CT Data Collaborative website here: http://trafficstops.ctdata.org/. You can download data for all agencies at the bottom of the page. For the law enforcement officer count data, the Department of Emergency Services and Public Protection can provide this information."
09/25/2024,"can I get a list of all companies in Connecticut? I would need address, name of company, email address and revenue if you have that..also the industry type",I don't know.,,Business,,For work (e.g. using data on the Portal as part of my professional work),,,Tabular (e.g. tables or spreadsheets),,,"The Connecticut Business Registry dataset maintained by the Office of the Secretary of the State has information about businesses from the CT Business Registry (https://data.ct.gov/Business/Connecticut-Business-Registry-Business-Master/n7gp-d28j/about_data), including company name, address, email, and business type."
09/27/2024,"Hello,
I am requesting race/ethnicity data to be added to the State's Open Payroll dataset.",I don't know.,,Demographics,,For personal use (e.g. to find data about my community or other topics of personal interest),,,Tabular (e.g. tables or spreadsheets),,,Request forwarded to agency
10/02/2024,"Most recent environmental health investigation results and follow-up by property/parcel, especially on lead, asbestos, and radon. I envision something similar to a property search feature with a map where you can search by addresses.",Department of Public Health,,Housing and development,,For research (e.g. to find data for academic or public policy research),,"I work with refugees and immigrants, whom are disproportionately affected by lead poisoning, so I would like to use this data to ensure my clients are in safe homes without a history of environmental health hazards.",Spatial (e.g. maps),Local,,Request forwarded to agency
10/09/2024,Nurse practitioner prescribing by specialty.,I don't know.,,Other,"I would like to see the categorization of nurse practitioner specialties and prescribing schedule II medications. The physicians are categorized according to specialties. There is a difference between FNP , PMHNP, Pediatric NP, Women's Health NP, etc.",For personal use (e.g. to find data about my community or other topics of personal interest),,"I attended the DEA webinar regarding stimulant prescribing and it seems a bit skewed to say NPs (broad term) are responsible for the increase. Nurse practitioners can be categorized by specialty (NPI/taxonomy ID), MDs can also be divided by specialty and not grouped together. This would allow for more accurate reporting and targeted intervention and policies.",Not sure,,,Request forwarded to agency
10/10/2024,"From the 2023 LiDAR data set, would the GIS office be able to make a roof centerline dataset? The COGs may lack the processing power to run a model to create this type of data. The background for this is during the CT GIS Network's Summer Webinar https://www.youtube.com/watch?v=DVU938AB6Yk WestCOG presented a project on solar adoption and one data point they used was road orientation, assuming roofs generally follow the same centerline. I questioned the methodology, and the conclusion was there wasn't a dataset out there to validate the assumption, and the computing power needed to make such a dataset was outside the ability and scope of the project.",I don't know.,,Elevation,,For research (e.g. to find data for academic or public policy research),,"The original concept was validating theories about rooftop solar, but perhaps it can be used in other environmental projects like  evaluating whether roof orientation affects heat islands, or power consumption, or whether houses are built at an orientation that maximizes passive heat generation in the winter and cooling in the summer.",Spatial (e.g. maps),Statewide,,Request forwarded to agency
10/20/2024,new Haven county death records,I don't know.,,Demographics,,For personal use (e.g. to find data about my community or other topics of personal interest),,,Not sure,,,"This data is available in the dataset Connecticut Vital Records — Index of Deaths, 1897-2001 (https://data.ct.gov/History/Connecticut-Vital-Records-Index-of-Deaths-1897-200/psf6-3vsu/about_data)"
10/25/2024,CT Sales & Use Tax Penalty & Interest Revenue by month,I don't know.,,Business,,For personal use (e.g. to find data about my community or other topics of personal interest),,I was unfairly charged a penalty for my business Sales & Use Tax for the period ending June 2024. It was unfair because the CT DRS made a change to the way the submission worked on their website. I need to find out the Sales & Use Tax Penalty amount by month for this year,Tabular (e.g. tables or spreadsheets),,,Request forwarded to agency
10/28/2024,WWII veteran death,Department of Veterans Affairs,,Other,Deaths in WWII,For personal use (e.g. to find data about my community or other topics of personal interest),,Need death information for honoring him on Veterans day,Tabular (e.g. tables or spreadsheets),,,"This information is available in the National Archives. I will link to a few resources below that may help address your question:
WWII Casualty Lists guidance - document from the National Archive explaining how to find information on WWII casualties (https://gcc02.safelinks.protection.outlook.com/?url=https%3A%2F%2Fwww.archives.gov%2Ffiles%2Fresearch%2Fmilitary%2Fww2%2Fcasualty-lists.pdf&data=05%7C02%7Cpauline.zaldonis%40ct.gov%7C806e89f3260b4bd98d4a08dcf81d3596%7C118b7cfaa3dd48b9b02631ff69bb738b%7C0%7C0%7C638658051584506656%7CUnknown%7CTWFpbGZsb3d8eyJWIjoiMC4wLjAwMDAiLCJQIjoiV2luMzIiLCJBTiI6Ik1haWwiLCJXVCI6Mn0%3D%7C0%7C%7C%7C&sdata=Ng3ERDSfoSdVyTPUlKicOc4szvXSlIKO0CCOxRJDMWY%3D&reserved=0);
National Archives Catalog - online resource for accessing information in the National Archives (https://gcc02.safelinks.protection.outlook.com/?url=https%3A%2F%2Fcatalog.archives.gov%2F&data=05%7C02%7Cpauline.zaldonis%40ct.gov%7C806e89f3260b4bd98d4a08dcf81d3596%7C118b7cfaa3dd48b9b02631ff69bb738b%7C0%7C0%7C638658051584548502%7CUnknown%7CTWFpbGZsb3d8eyJWIjoiMC4wLjAwMDAiLCJQIjoiV2luMzIiLCJBTiI6Ik1haWwiLCJXVCI6Mn0%3D%7C0%7C%7C%7C&sdata=6DcefYNl88QkOy38pOVDY95LG1oXLwToW567YutDaew%3D&reserved=0);
National Archives WWII Records page - more information about WWII records in the National Archives (https://gcc02.safelinks.protection.outlook.com/?url=https%3A%2F%2Fwww.archives.gov%2Fresearch%2Fmilitary%2Fww2&data=05%7C02%7Cpauline.zaldonis%40ct.gov%7C806e89f3260b4bd98d4a08dcf81d3596%7C118b7cfaa3dd48b9b02631ff69bb738b%7C0%7C0%7C638658051584564127%7CUnknown%7CTWFpbGZsb3d8eyJWIjoiMC4wLjAwMDAiLCJQIjoiV2luMzIiLCJBTiI6Ik1haWwiLCJXVCI6Mn0%3D%7C0%7C%7C%7C&sdata=k8N1HBsAP2DFT2s%2F1Ngm2%2FDE3u52Xchhvx6knEToN1M%3D&reserved=0)"
11/02/2024,I am looking for the blue print of how my well was dug at my house.,I don't know.,,Elevation,,For personal use (e.g. to find data about my community or other topics of personal interest),,I need to find where a part of the underground well pump is to have it repaired and there is no data in our information.  We bought the house 4 years ago,Spatial (e.g. maps),Local,,"For technical assistance on well construction, maintenance, water quality or water treatment please contact the CT Department of Public Health, Private Well Program at 860-509-8401, DPH.PrivateWellProgram@ct.gov, or contact your Local Health Department/District."
11/14/2024,"We need list of general merchandise wholesale stores and convenience stores , grocery stores , gas stations in Connecticut",State Data Center,,Business,,For work (e.g. using data on the Portal as part of my professional work),,For sales and marketing purposes,Tabular (e.g. tables or spreadsheets),,,"You can find this information in the State Licenses and Credentials dataset at this link: https://data.ct.gov/Business/State-Licenses-and-Credentials/ngch-56tr/about_data. This dataset has all the licenses and credentials in Connecticut's eLicensing system. 

You can filter the dataset for the licenses/credentials for the business types you are interested in. A list of license types is available here: https://portal.ct.gov/dcp/-/media/dcp/pdf/forms/licensetypesprefixfeespdf.pdf?rev=dd5f2039206e4f80ada5984e6ed9d6b4&hash=A68A99C06B38F71B6C4746552097C930"
11/14/2024,Literacy Assessment across CT.,State Department of Education,,Education,,For work (e.g. using data on the Portal as part of my professional work),,,Tabular (e.g. tables or spreadsheets),,,"The Grade 3 English Language Arts (ELA) Smarter Balanced Assessment results is available at Smarter Balanced Achievement/Participation (https://public-edsight.ct.gov/performance/smarter-balanced-achievement-participation?language=en_US). Smarter Balanced ELA assessment results are available for all Grades 3 through 8. In Grade 11, it’s the SAT and those data are at Connecticut SAT School Day (https://public-edsight.ct.gov/performance/connecticut-school-day-sat?language=en_US).

Other types of literacy assessments like phonemic awareness, vocabulary, fluency, etc. assessments are not currently collected or reported by the CSDE."
11/21/2024,"I am looking to see if [redacted] in Stratford, CT falls under any contaminated lists. I know that a neighboring business has been identified on the Remediation Division list, but I am do not see [redacted], which shares the same address, but not the same building.",I don't know.,,Environment and natural resources,,For personal use (e.g. to find data about my community or other topics of personal interest),,I am looking to see if [redacted] is under any investigation for environmental issues or potential contamination.,Not sure,,,The Department of Energy and Environmental Protection advised that this request should be made through the DEEP FOIA process. More information about the FOIA request process is here: https://portal.ct.gov/deep/about/foia-requests
11/26/2024,drilling contractors list,Department of Public Health,,Other,water well,For research (e.g. to find data for academic or public policy research),,,Tabular (e.g. tables or spreadsheets),,,"You can find this information in the State Licenses and Credentials dataset at this link: https://data.ct.gov/Business/State-Licenses-and-Credentials/ngch-56tr/about_data. This dataset has all the licenses and credentials in Connecticut's eLicensing system. 

You can filter the dataset for the credentials that are relevant to well drilling, which are listed here: https://portal.ct.gov/dcp/license-services-division/all-license-applications/well-drilling?language=en_US"
11/26/2024,Are there population projections per town more recent than the ones published in August 2017?,I don't know.,,Demographics,,For work (e.g. using data on the Portal as part of my professional work),,Tighe & Bond is an engineering consulting firm. We use the population projection data per town to estimate the population served by our drinking water utility clients and to estimate demand projections for water supply planning purposes.,Tabular (e.g. tables or spreadsheets),,,"The dataset you referenced (Connecticut Town Population Projections, 2015-2040: https://data.ct.gov/Government/Connecticut-Town-Population-Projections-2015-2040/p6hp-fnp7/about_data) is the current population projections data that I am aware of. The CT Department of Public Health and the CT Data Collaborative (the State Data Center for Connecticut) are working to develop updated projections."
12/10/2024,"Dear Connecticut Research Team,
I hope you are doing well.  I conduct research with Dr. Friedman and the TEMPO Lab at the Yale School of Public Health. We are currently researching recreational cannabis policies across the United States. More specifically, we are looking at the opt-out decisions by municipality.

Based on our reading of the Uniform Controlled Substances Act, we understand that Connecticut is required to collect information regarding each municipality’s choice. Is there a central repository for which you collect opt-outs/or information by municipality for the time-frame 2018-2024 with us?

Your help will enable us to accurately analyze Connecticut's cannabis landscape – ensuring CT is accurately represented in the project we are constructing for public use.",I don't know.,,Local government,,For research (e.g. to find data for academic or public policy research),,"CAPS Project Specifics Summary, Scope, Related Projects, and CollaboratorsProject Summary:
This project seeks to understand the impact of state and local cannabis policies on tobacco and nicotine product use. Researchers will collect data on a wide array of cannabis and tobacco policies, and analyze how these shape cannabis access as well as youth and adult use of cigarettes, cigars, e-cigarettes, other nicotine products, and cannabis. 

PI and Co-investigators:
Dr. Abigail Friedman at Yale University (PI)
Dr. Rosalie Pacula at University of Southern California (USC):
Dr. Michael Pesko at University of Missouri (Mizzou):
Dr. Jennifer Pearson at University of Nevada, Reno (UNR):
Dr. Sarah Stith at University of New Mexico (UNM):",Tabular (e.g. tables or spreadsheets),,,The Drug Control Division in the Department of Consumer Protection shared this website about municipal cannabis zoning changes reported to DCP: https://portal.ct.gov/cannabis/knowledge-base/articles/municipal-cannabis-zoning-changes-reported-to-dcp?language=en_US
12/10/2024,"Cannabis Regulatory cost breakdown (revenue from cannabis business licensing fees and costs to regulate like expenses for staff, IT materials, etc.)",Department of Consumer Protection,,Tax and revenue,,For work (e.g. using data on the Portal as part of my professional work),,"This data would be used for our adult-use cannabis finance report, to illustrate how much revenue states can potential make after regulating adult-use (recreational) cannabis.",Tabular (e.g. tables or spreadsheets),,,The Drug Control Division in the Department of Consumer Protection does not have this information available at this time. The Department of Revenue Services does publish information about taxes on cannabis products in a dataset here: https://data.ct.gov/Tax-and-Revenue/Cannabis-Tax/jey2-vq68/about_data
12/16/2024,Andover tax assessments latest detail list of all property's,I don't know.,,Tax and revenue,,For personal use (e.g. to find data about my community or other topics of personal interest),,Will be taking the CAAO class in June so want to look at the data to review what we will see in the class,Tabular (e.g. tables or spreadsheets),,,Assessor data for the whole state from 2024 is available in this dataset on the Open Data Portal: 2024 Connecticut Parcel and CAMA Data (https://data.ct.gov/Local-Government/2024-Connecticut-Parcel-and-CAMA-Data/pqrn-qghw/about_data).
12/31/2024,Birth index - similar to death records and divorce index; it is extremely time consuming to find this information. It would be helpful to have dates of birth occurring in Connecticut (dates of birth occurring greater than 75 years ago within Connecticut) published for genealogy and research.,Department of Public Health,,Demographics,,For personal use (e.g. to find data about my community or other topics of personal interest),,"Use for genealogy. The use of 3rd party companies to index data is a conflict of interest as it is typically behind a paywall (such as ""Ancestry.com""). Driving around Connecticut to compile the data is time consuming, requires physical access in many cases to the records (even if they are digitized) unless a premium is paid for digital access (which does not guarantee availability). This type of research does not require a physical copy of the record, just the data itself.",Tabular (e.g. tables or spreadsheets),,,Request forwarded to agency
01/03/2025,New Business registration,I don't know.,,Business,,For work (e.g. using data on the Portal as part of my professional work),,,Tabular (e.g. tables or spreadsheets),,,You can find all business registrations in Connecticut in this dataset: Connecticut Business Registry - Business Master (https://data.ct.gov/Business/Connecticut-Business-Registry-Business-Master/n7gp-d28j/about_data). There is also a dashboard that highlights trends in this data here (https://data.ct.gov/stories/s/dagr-u2hb).
01/07/2025,"RSV, influenza, and COVID-19 case data linked with RSV, influenza, and COVID vaccine immunization status. With group-level demographic data.",Department of Public Health,,Health and human services,,For research (e.g. to find data for academic or public policy research),,"We plan to build a dashboard, similar to what is already available on DPH website for weekly viral surveillance and uptake of vaccines, however, the dashboard would contain real-time vaccine effectiveness estimates.",Tabular (e.g. tables or spreadsheets),,,Request forwarded to agency
01/09/2025,Wholesaler THC-Infused Beverages Sales Reporting,Department of Consumer Protection,,Tax and revenue,,For personal use (e.g. to find data about my community or other topics of personal interest),,"This is a lack of available data nationally about how many of these products are sold, this tax data could fill that gap 

https://www.thebeveragejournal.com/ct-dcp-wholesaler-thc-infused-beverages-sales-reporting/",Not sure,,,The Department of Consumer Protection is in the process of collecting this data now and plan to publish it as open data once the data collection is complete.
01/22/2025,US citizenship date for [redacted],I don't know.,,Demographics,,For personal use (e.g. to find,,,Not sure,,,I'm writing in response to your request to the CT Open Data Portal for citizenship information for [redacted]. The Connecticut State Library can help you with your request. Please reach out to their reference desk by emailing csl.isref@ct.gov. The History and Genealogy unit will be able to provide support.
01/27/2025,Job classes by name,Office of the Comptroller,,Government,,For work (e.g. using data on th,,Keeping our employee directory up to date with data connecting the job class codes to the actual classes.,Tabular (e.g. tables or spreadsheets),,,"I'm writing to follow up on your question about job class information on the Open Data Portal. 

The State Employee Payroll Data Calendar Year 2015 through Present dataset published by the Comptroller's Office includes a column called Job Cd Desc that represents the job code. Would this dataset help you update your employee directory with the job classes? 

Let me know if this helps or if you need something else. Thanks!"
01/28/2025,New businesses registered in Wolcott for all of 2024,Office of the Secretary of the,,Business,,For work (e.g. using data on th,,,Not sure,,,"I'm writing in response to your request for data on businesses registered in Wolcott in 2024. This information is available in the Connecticut Business Registry - Business Master dataset, which can be filtered by town and registration date. This support article (https://support.socrata.com/hc/en-us/articles/202950808-Creating-a-Filtered-View) walks through how to filter a dataset. I exported a filtered version of the dataset that includes all businesses registered in Wolcott in 2024 and am attaching it here."
02/04/2025,"Hi, I'm looking for dataset related to connecituct traffic and accident analysis. I can see there are dashboards in https://data.ct.gov/Transportation/Vehicle-Crash-Data-Repository/tusz-n3pv/about_data  but I could not find the dataset related to it. Could you please provide me with the dataset. I am doing a project for academic purpose.",I don't know.,,Public safety,,For research (e.g. to find data,,,Tabular (e.g. tables or spreads,,,I'm writing in response to your request for data on traffic and accidents. UConn maintains the CT Crash Data Repository here: https://www.ctcrash.uconn.edu/. This tool allows users to query and export data for research. The data is from the Department of Public Safety and the CT Department of Transportation. You should be able to access the data on the UConn website.
02/11/2025,Comparison of Personal and Business income tax collected by Town vs. State aid back to municipalities for 2023-2024,Department of Revenue Services,,Tax and revenue,,For personal use (e.g. to find,,,Tabular (e.g. tables or spreads,,,"I'm writing in response to your request for tax data on the Open Data Portal. Data on income tax and state aid to municipalities are linked to below: 
Income tax by town: https://data.ct.gov/Tax-and-Revenue/Connecticut-Personal-Income-Tax-Summary/9mb8-59r7/about_data
State aid to municipalities: https://data.ct.gov/Local-Government/Estimates-of-Statutory-Aid-to-Municipalities/sdcm-adr4/about_data
Let me know if you have any other questions."
02/11/2025,Long term care facilities and their costs,I don't know.,,Other,,For personal use (e.g. to find,,Trying to update costs of skilled nursing home care,Tabular (e.g. tables or spreads,,,I'm writing in response to your request for data on long term care facilities on the CT Open Data Portal. The dataset Nursing Facility Private Pay Rates (https://data.ct.gov/Health-and-Human-Services/Nursing-Facility-Private-Pay-Rates/dj6a-6mcc/about_data) provides a list of licensed nursing facilities in the state and their costs. I hope this helps address your question. Let me know if there's anything else I can do.
02/12/2025,establishments in oxford ct. parcel subject transfer act,I don't know.,,Other,,For work (e.g. using data on th,,,Tabular (e.g. tables or spreads,,,"To look up if a property was involved in the Property Transfer Program, you can search the DEEP document portal at this link: https://filings.deep.ct.gov/DEEPDocumentSearchPortal/."
02/13/2025,I'm looking for data on the collection of the $1 dollar per can tax on the infused beverages.,Department of Consumer Protecti,,Tax and revenue,,For work (e.g. using data on th,,,Tabular (e.g. tables or spreads,,,"I'm writing in response to your request on the CT Open Data Portal for data on the tax on THC infused beverages.

The Department of Consumer Protection publishes a dataset on THC Beverage Sales at this link: https://data.ct.gov/Business/THC-Beverage-Sales/ujsp-7e48/about_data
Let me know if you have any other questions. Thanks!"
02/20/2025,"for property taxes. need database of sales in connecticut download or transfer tax for 2023 and 2024 where do i find it can you download to me. deadline or show me where to find thet sales and assessment data for greenwich, waterbury, stamford",I don't know.,,Other,,For research (e.g. to find data,,,Tabular (e.g. tables or spreads,,,"I'm writing in response to your request for sales and assessment data for Greenwich, Waterbury, and Stamford. 

Assessment data for all Connecticut towns is available in the 2024 Connecticut Parcel and CAMA dataset at this link: https://data.ct.gov/Local-Government/2024-Connecticut-Parcel-and-CAMA-Data/pqrn-qghw/about_data

Real estate sales data is available from grand list year 2001-2022 at this link: https://data.ct.gov/Housing-and-Development/Real-Estate-Sales-2001-2022-GL/5mzw-sjtu/about_data. The grand list years cover October 1 through September 30 of each year, so sales from 2022 GL year are from 10/1/2022 through 9/30/2023.

Let me know if you have any other questions. Thanks!"
02/27/2025,CTTransit Dash Shuttle Usage,Department of Transportation,,Transportation,,For personal use (e.g. to find,,,Tabular (e.g. tables or spreads,,,Request forwarded to agency
03/14/2025,"Death record of [redacted], Bridgeport",I don't know.,,Other,,Other,Family history,,Not sure,,,"I'm writing in response to your request for death records for [redacted].

I reviewed the Connecticut Vital Records - Index of Deaths, 1897-2001 dataset on the CT Open Data Portal and found a record for [redacted].

If you would like to obtain a death certificate, the State Vital Records Office has more information at this link: https://portal.ct.gov/dph/vital-records/death-certificates.

Let me know if you have any other questions. Thank you!"
03/18/2025,1982 Well Completion Reports,Department of Consumer Protecti,,Environment and natural resourc,,For work (e.g. using data on th,,"Water Supply Wells in the Town of Wilton, Connecticut",Tabular (e.g. tables or spreads,,,"I'm writing in response to your request for well completion reports for Wilton from 1982. The Department of Consumer Protection hosts Statewide Well Drilling Reports, 1970 - Present at this link: http://s3-dcp-01.s3-website-us-east-1.amazonaws.com/?prefix=data#data/
The folder for reports for Wilton in 1982 is at this link: http://s3-dcp-01.s3-website-us-east-1.amazonaws.com/?prefix=data#data/Wilton/Wilton%201982/1982/
Let me know if you need any additional information. Thanks!"
03/26/2025,"Town of Plymouth, Principal Employers, 2024",Department of Labor,,Other,Using for Annual Audit,Other,Town's Annual Audit,"The Audit requires a listing of the top 15 Employers of the Town. Ranking of largest to smallest employees per  employer.

(860) 965-8634",Tabular (e.g. tables or spreads,,,Request forwarded to agency
04/04/2025,"Current and up-to-date number of confirmed, positive Covid, flu and RSV cases town-by-town. Massachusetts has a nice setup on their site to narrow down cases by city and town. Thank you",Department of Public Health,,Health and human services,,For research (e.g. to find data,,,Tabular (e.g. tables or spreads,,,No contact information provided
04/10/2025,Either total passenger vehicle registrations or percentage of electric vehicles by city.,Department of Motor Vehicles,,Transportation,,For work (e.g. using data on th,,We would like to maintain a running tally of electric vehicles as a percent of vehicles on our community sustainability dashboard.,Tabular (e.g. tables or spreads,,,"I'm writing in response to your request for data on electric vehicle registrations by city in Connecticut. The Department of Motor Vehicles publishes data on EV registrations in a dataset on the CT Open Data Portal here: Electric Vehicle Registration Data (https://data.ct.gov/Transportation/Electric-Vehicle-Registration-Data/y7ky-5wcz/about_data). This dataset includes customer city as well as vehicle information.

Let me know if you have any questions. Hope this helps!"
04/12/2025,Marriage certificates,I don't know.,,Other,,For personal use (e.g. to find,,I would like information on my family. Parents. Grandparents,Not sure,,,I'm writing in response to your request to the CT Open Data Portal for marriage certificates for your genealogical research. The Connecticut State Library can help you with your request. Please reach out to their reference desk by emailing csl.isref@ct.gov. The History and Genealogy unit will be able to provide support.
04/14/2025,"I am a PhD student from Brown University, and I am working on my thesis about caregiver support and eldercare. To understand who are using the state Paid Family and Medical Leave (PFML) program to care for older adults with serious illness, I would like to request data on PFML claims (especially for caring spouse and parents) from 2021 to 2024, specifically: 

1.	Number of claims approved for caregiving, and caregiving for child, spouse, parents, and all other family members separately, by year 
2.	Total amount of benefits ($) paid for caregiving claims, and for caregiving claims for child, spouse, parents, and all other family members separately, by year 
3.	The average number of weeks approved for caregiving claims, and caregiving claims for child, spouse, parents, and all other family members separately, by year 

If you have any of the demographic information, I would like the above three tables to be further broken down by sex, age, race, income, or firm size of applicants.",I don't know.,,Health and human services,,For research (e.g. to find data,,"I plan to write a paper about who are using the paid family and medical leave benefits, how the benefits are used, and whether the utilization is associated with sociodemographic characteristics of applicants or associated with the benefit designs. I sincerely appreciate your time and please let me know if you need any clarifications.",Tabular (e.g. tables or spreads,,,"I'm writing in response to your request for data on PFML claims. Please contact the CT Paid Leave Authority directly with your request. John Simonetti is the person to contact for your request, and you can reach him at john.simonetti@ct.gov."
04/17/2025,Obituary for [redacted],I don't know.,,Health and human services,,For personal use (e.g. to find,,To complete information on our family tree,Not sure,,,I'm writing in response to your request to the CT Open Data Portal for an obituary for your genealogical research. The Connecticut State Library can help you with your request. Please reach out to their reference desk by emailing csl.isref@ct.gov. The History and Genealogy unit will be able to provide support.
05/12/2025,List of names and addresses of Connecticut new car dealership locations,Department of Motor Vehicles,,Business,,For work (e.g. using data on the Portal as part of my professional work),,To send out an individual mailing to  all registered or operating Connecticut new car dealerships,Tabular (e.g. tables or spreads,,,I�m following up regarding your request for a list of new car dealerships. A list of new car dealerships can be found here: https://portal.ct.gov/dmv/commercial-and-industry-services/get-regulated-business-license/search-for-business-license?language=en_US. Please note that a license starting with N is new dealership and starting with a U is a used dealership.
05/15/2025,1833 pension request for a Private in the 18th Volunteer Regiment of Connecticut during the American revolution.,I don't know.,,Education,,For personal use (e.g. to find data about my community or other topics of personal interest),,I am researching an 1833 letter in my posession.,Not sure,,,I'm writing in response to your request to the CT Open Data Portal for an historical information for your research. The Connecticut State Library can help you with your request. Please reach out to their reference desk by emailing csl.isref@ct.gov. The History and Genealogy unit will be able to provide support.
05/24/2025,Marriage certificate,I don't know.,,Other,,Other,genealogy,,Not sure,,,I'm writing in response to your request to the CT Open Data Portal for marriage certificates. The Connecticut State Library can help you with your request. Please reach out to their reference desk by emailing csl.isref@ct.gov. The History and Genealogy unit will be able to provide support.
07/09/2025,Local businesses across towns,Secretary of State,,Business,,For work (e.g. using data on the Portal as part of my professional work),,"We want to use this data to reach out to local businesses (restaurant, gym, retail etc.) for marketing purposes and to help them out.",Tabular (e.g. tables or spreadsheets),,,I�m following up regarding your request on the Open Data Portal for data on local businesses around different towns. You can find the list of local businesses on this site: https://data.ct.gov/Business/Connecticut-Business-Registry-Business-Master/n7gp-d28j/about_data
07/25/2025,Access to the map(s) of the cemetery / burial ground sections reserved for veterans of color.,Other,CT St Library & Museum,Other,"Black Civil War Veterans [ 1,699 count, Lists, Indices, Tables, Maps, Data ase, Graphic digital imaging.",Other,"For Research, Education, history and genealogical purposes",To gather civil war information for men of color.,Spatial (e.g. maps),Statewide,,I'm writing in response to your request to the CT Open Data Portal for map(s) of the cemtary/burial ground for veterns of color. The Connecticut State Library can help you with your request. Please reach out to their reference desk by emailing csl.isref@ct.gov. The History and Genealogy unit will be able to provide support.
08/13/2025,Connecticut state business records for a specific business,Secretary of State,,Business,,For personal use (e.g. to find data about my community or other topics of personal interest),,To check compliance,Tabular (e.g. tables or spreadsheets),,,I�m following up regarding you request on Open Data Portal for Connecticut state business records for [specific business]. You can find the business records by searching for [specific business] on this site: https://service.ct.gov/business/s/onlinebusinesssearch?language=en_US.
04/25/2025,"Historical Statewide Parcel data like the Connecticut CAMA and Parcel Layer or the Connecticut State Parcel Layer 2023, but for as many years as possible. In particular, I'm interested in historical ownership to create a longitudinal dataset on ownership and value.",I don't know.,,Housing and development,,For research (e.g. to find data for academic or public policy research),,,Tabular (e.g. tables or spreadsheets),,,Request forwarded to agency
04/29/2025,"Hi,

I am a PhD student at the University of Pittsburgh. Our research lab focuses on labor market economics and the future of work. As part of our research, we are analyzing unemployment trends across different industries, time periods, and counties. 

Therefore, I would like to obtain the historical unemployment claim data broken down by county and by industry (ideally using NAICS codes) �  I noticed that the website offers claim data broken down by industry and claim data broken down by county (town), but it does not provide claim data broken down simultaneously by both county and industry.

I would appreciate your advice on where these series can be downloaded and whether a regularly updated API is available for automated long-term access.",Department of Labor,,Local government,,For research (e.g. to find data for academic or public policy research),,"We plan to use in our research, which focus on analyzing unemployment trends across different industries, time periods, and counties.",Tabular (e.g. tables or spreadsheets),,,Request forwarded to agency
04/30/2025,"Numbers and ages of those know to use, deal, manufacture, distribute, and overdose on opioid in Somers, CT. Knowledge and information will come from local poice, fire/EMS, town clerk (in re deaths), and the state department of Health.",Department of Emergency Services and Public Protection,,Demographics,,For work (e.g. using data on the Portal as part of my professional work),,"To help us understand rates and frequency of occurrance in order to better implement our programs, establish convenient days/times, etc.",Tabular (e.g. tables or spreadsheets),,,Request forwarded to agency
05/15/2025,Registered apprentices by occupational trade.,Department of Labor,,Other,,Other,,Apprenticeships and training.,Tabular (e.g. tables or spreadsheets),,,Request forwarded to agency
05/20/2025,Childhood blood lead level data for all years from 1999-2015 at the town level.,Department of Public Health,,Boundaries,,For research (e.g. to find data for academic or public policy research),,Epidemiology study.,Tabular (e.g. tables or spreadsheets),,,Request forwarded to agency
05/22/2025,I'm seeking childhood BLL data from 1999-2014 at >=5 ug/dl at the township (municipality) level.,Department of Public Health,,Other,township level,For research (e.g. to find data for academic or public policy research),,,Tabular (e.g. tables or spreadsheets),,,Request forwarded to agency
06/04/2025,"Chronic absenteeism rates by school, broken down by totals and student demographics (race, gender, economically disadvantage status), from 2010/2011 school year to present.",Department of Education,,Education,,For research (e.g. to find data for academic or public policy research),,Seeking to answer how menstrual product provisioning effects student attendance.,Tabular (e.g. tables or spreadsheets),,,Request forwarded to agency
06/13/2025,"I am requesting the number of board-certified PAs whose primary specialty is Emergency Medicine, practicing in Connecticut.",Department of Public Health,,Demographics,,For research (e.g. to find data for academic or public policy research),,"I am conducting an IRB-exempt research study examining the use of Point-of-Care Ultrasound (POCUS) among PAs in Connecticut Emergency Departments. 

The goal of this study is to better understand how PAs in emergency medicine use POCUS in clinical practice. Our aim is to address the current gap in the literature regarding POCUS use by PAs and to contribute to the development of evidence-based guidelines and policies to support POCUS education and implementation. 

To calculate an accurate survey response rate and describe the study population, I need an aggregate head-count of PAs credentialed specifically to emergency-department cost centers at CT hospitals.

Requested extract:
Metric: Number of PAs whose primary cost center is the Emergency Department
Breakout: Each acute-care hospital (or health-system) in Connecticut
Time frame: Most recent full calendar year (CY 2024) or latest reporting quarter",Tabular (e.g. tables or spreadsheets),,,Request forwarded to agency
06/25/2025,Percentage of resident in the 06608 area that use Medicaid,Department of Social Services,,Health and human services,,For school (e.g. for school projects),,Windshield survey project at the University of Bridgeport,Not sure,,,Request forwarded to agency
07/24/2025,"Municipal Fiscal Indicators: Pension Funding Information For Defined Benefit Pension Plans and Municipal Fiscal Indicators: OPEB Funding Information

You have both of these but only data sets through 2022. Can you add 2023 and 2024 for each?",Office of Policy and Management,,Local government,,For work (e.g. using data on the Portal as part of my professional work),,"I am collecting municipal data for a number of states, and I would like to add more recent CT municipal pension and OPEB data to what I already have.",Tabular (e.g. tables or spreadsheets),,,Request forwarded to agency
