#,Tracker,Status,Priority,Subject,Assignee,Updated,% Done
3889,Bug,WIP,Normal,incorrect initial widget and screen values for combo boxes and selection lists,Adrian Lungu,07/25/2019 03:30 PM,50
3584,Bug,WIP,Normal,"tooltips do not work in FWD for disabled, TEXT and FILL-IN widgets",Adrian Lungu,08/29/2019 07:29 AM,20
4492,Bug,WIP,Normal,database trigger defined with abbreviation should create a new buffer,Adrian Lungu,06/20/2020 12:10 PM,20
8249,Bug,New,Normal,Introduce a fast fill method to optimize Dataset.fill,Alexandru Donica,03/27/2024 11:39 AM,0
6923,Bug,Pending,Normal,inner transaction block reverts too much,Alexandru Lungu,08/06/2025 05:21 AM,100
10776,Bug,Pending,High,FFC.touch standing out in profiling,Alexandru Lungu,03/11/2026 08:07 AM,100
11037,Bug,Review,Normal,Record not being evicted from FFCache,Alexandru Lungu,03/11/2026 08:08 AM,100
7452,Bug,WIP,Normal,Analyze memory of the value cache from FWD-H2 and eventually increase size ,Alexandru Lungu,06/27/2023 06:40 AM,0
10830,Bug,WIP,Normal,Search filter field on Guests screen of Hotel GUI does not work.,Alexandru Lungu,11/24/2025 03:43 AM,0
9030,Bug,WIP,Normal,FIND statements should use an internal buffer cursor,Alexandru Lungu,12/12/2024 09:46 AM,50
10004,Bug,WIP,High,NativeInvoker fails if an argument is of type integerConstant,Alexandru Lungu,01/13/2026 07:40 AM,80
8214,Bug,WIP,Normal,Split Persister into SQLPersister and InMemoryPersister,Alexandru Lungu,01/30/2024 11:12 AM,50
7319,Bug,New,Normal,Fix adaptive query test suite from testcases,Alexandru Lungu,08/22/2023 05:12 AM,0
9896,Bug,New,Normal,Record reference count should account for dirty records,Alexandru Lungu,04/14/2025 07:36 AM,0
7788,Bug,New,Normal,NPE when assigning query to browse,Alexandru Lungu,02/26/2026 03:15 AM,0
3723,Bug,New,Normal,Pressing ESC key twice doesn't allow the web client to log out properly,Alexei Kaigorodov,06/17/2019 09:16 AM,0
3691,Bug,New,Normal,literal $ character in format appears on the right side of the fill-in,Alexei Kaigorodov,08/08/2019 05:22 PM,0
4130,Bug,New,Normal,FWD truncates decimal part instead of rounding when displaying,Alexei Kaigorodov,08/02/2021 05:39 AM,0
7667,Bug,WIP,Normal,Support OUTER-JOIN with PRESELECT at conversion,Andrei B?lteanu,01/11/2024 05:51 AM,30
9893,Bug,Internal Test,Normal,LegacyErrorException is not rethrown in processForBody/processBody,Andrei Plugaru,05/02/2025 02:29 PM,90
11157,Bug,Internal Test,Normal,Improve FWD server startup mode in server.sh,Andrei Plugaru,02/05/2026 04:16 AM,100
9697,Bug,WIP,Normal,Use only indexed fields when performing record snapshot,Andrei Plugaru,02/24/2025 04:30 AM,0
9060,Bug,Internal Test,Normal,Cache oftenly used values that are immutable,Artur ?colnic,03/11/2026 01:20 PM,90
8878,Bug,Internal Test,Low,Jumble sort dictates a full preselect,Artur ?colnic,07/01/2024 08:28 AM,100
8944,Bug,Review,Normal,FINALLY block transaction processing,Artur ?colnic,04/28/2025 07:58 AM,0
9683,Bug,Review,High,CompoundQuery is doing extra hydration attempts,Artur ?colnic,07/17/2025 07:57 AM,80
9125,Bug,Review,Normal,Failure to convert decimal variables that exceed 50 decimals.,Artur ?colnic,09/03/2024 07:00 AM,0
11161,Bug,Review,Normal,fail gracefully when the database connection can not be established,Artur ?colnic,03/09/2026 11:03 AM,50
9061,Bug,WIP,Normal,Catch inside a catch block does not work.,Artur ?colnic,08/21/2024 04:55 AM,0
8272,Bug,WIP,Normal,reduce ClassNotFoundException and NoSuchMethodException usage in RuntimeJastInterpreter,Artur ?colnic,02/19/2025 05:54 AM,0
9091,Bug,WIP,Normal,Unique composite index is ignored when create is used in an external procedure,Artur ?colnic,09/05/2024 05:06 AM,0
10963,Bug,WIP,Urgent,appserver resiliency and self healing,Artur ?colnic,02/03/2026 03:38 AM,90
11288,Bug,WIP,Normal,Check if c3p0 is required for in-memory databases,Artur ?colnic,03/27/2026 11:27 AM,0
10362,Bug,WIP,Normal,FastFindCache.L2Key uses the buffer alias in the FQL ,Artur ?colnic,12/23/2025 06:15 AM,50
10373,Bug,WIP,Normal,Try to replace the StackUnwindExceptions used for control flow in BlockManager with a return value,Artur ?colnic,08/06/2025 05:26 AM,0
6389,Bug,WIP,High,LENGTH function with COLUMN option,Artur ?colnic,06/23/2025 01:05 PM,50
9702,Bug,New,Normal,BaseRecord.getDirtyIndices is slow,Artur ?colnic,02/25/2025 07:04 AM,0
6919,Bug,Review,High,fix ErrorManager.displayError in TempTableBuilder,Boris Schegolev,03/09/2023 03:03 PM,100
7438,Bug,Review,Normal,"the label in the UNDO <lbl>, THROW is not validated or used in 4GL",Constantin Asofiei,06/16/2023 07:16 AM,100
11271,Bug,Review,Normal,server-side streams and files with frames/redirected terminal,Constantin Asofiei,03/27/2026 03:16 AM,100
6810,Bug,Review,High,NPE in PreselectQuery.assembleFromClause,Constantin Asofiei,10/05/2022 11:08 AM,100
6642,Bug,Review,Normal,improve parsing memory footprint,Constantin Asofiei,07/29/2022 06:51 AM,100
11015,Bug,Review,High,"allow cleanup the DMO types, caches, etc for dynamic temp-tables",Constantin Asofiei,02/13/2026 04:50 PM,90
2809,Bug,WIP,Normal,implement missing behaviour related to HIDDEN attribute,Constantin Asofiei,11/16/2016 12:23 PM,70
3589,Bug,WIP,Normal,empty title forces a title area in a GUI frame,Constantin Asofiei,05/30/2018 04:57 AM,100
2204,Bug,WIP,Normal,concurrency issue between  user authentication and security cache refresh by the admin console,Constantin Asofiei,11/26/2013 04:08 AM,70
7089,Bug,WIP,Normal,sanitize p2j.oo method signature,Constantin Asofiei,02/15/2023 05:21 AM,50
5558,Bug,WIP,High,Direct Java interface: extra semicolon in converted Java breaks program logic,Constantin Asofiei,07/23/2021 02:20 PM,50
2075,Bug,WIP,Normal,unknown literals in nested expressions,Constantin Asofiei,03/04/2013 10:53 AM,0
6766,Bug,WIP,Normal,"before-table options not inherited from the after-table (like NO-UNDO, SHARED, etc)",Constantin Asofiei,09/17/2022 09:04 AM,0
2713,Bug,WIP,Low,Incorrect labels in case of the overlapping widgets.,Constantin Asofiei,10/20/2015 01:53 PM,0
3347,Bug,WIP,Normal,HELP string support doesn't work for demo_widgets.p,Constantin Asofiei,10/10/2017 02:54 PM,100
6392,Bug,WIP,Normal,buffer flush and validation when the external program gets deleted can cause unique index validation error,Constantin Asofiei,05/24/2022 08:50 AM,0
4421,Bug,WIP,Normal,blob/clob access with H2,Constantin Asofiei,12/02/2019 09:21 AM,0
10483,Bug,WIP,Normal,memory leak in BufferManager.openBuffers,Constantin Asofiei,10/03/2025 04:40 AM,70
4160,Bug,WIP,Normal,Arrays assigment issue,Constantin Asofiei,03/03/2020 01:04 PM,80
6591,Bug,WIP,Normal,DMO collisions with converted program/legacy class name or FWD classes,Constantin Asofiei,07/12/2022 02:38 PM,100
3093,Bug,WIP,Normal,widget-pool resources need to be pre-ordered when deleted (to enforce parent/child relationshinps for widgets),Constantin Asofiei,09/21/2016 09:45 AM,0
1442,Bug,WIP,Normal,stream re-opened to the same file flushes previous buffer,Constantin Asofiei,01/11/2013 12:14 PM,0
6699,Bug,WIP,Normal,TemporaryBuffer$Multiplexer memory leak in global block,Constantin Asofiei,09/15/2022 01:24 PM,90
8154,Bug,WIP,Normal,refactor scopeable stacks,Constantin Asofiei,04/01/2024 06:41 PM,30
5046,Bug,New,Normal,ErrorManager - recordOrShowError,Constantin Asofiei,12/18/2020 02:00 AM,0
4825,Bug,New,Normal,OutputTableHandleCopier dynamically defines destination temp-table,Constantin Asofiei,10/20/2020 01:21 PM,0
5194,Bug,New,Normal,"Stream handle - type missing, not deletable",Constantin Asofiei,03/12/2021 09:33 AM,0
2766,Bug,New,Normal,implement a text metrics server process,Constantin Asofiei,12/28/2017 11:13 AM,0
2728,Bug,New,Normal,MOUSE_RELEASED/CLICKED needs to use the same source as the initial MOUSE_PRESSED event,Constantin Asofiei,11/16/2016 12:23 PM,0
5150,Bug,New,Normal,killing the web page for the web client should raise the equivalent of a window-close event,Constantin Asofiei,01/13/2022 10:57 AM,0
10110,Bug,New,Normal,add ClientPrincipal support for FWD OpenClient,Constantin Asofiei,07/29/2025 06:24 AM,30
2356,Bug,New,Normal,pphints bug - nested includes are missing from the.pphints file,Constantin Asofiei,04/27/2017 12:40 PM,0
2727,Bug,New,Normal,fill-in text selection is broken,Constantin Asofiei,11/16/2016 12:23 PM,0
5123,Bug,New,Normal,Remove sessionFree AppServer configuration parameter,Constantin Asofiei,02/02/2021 11:42 AM,0
6629,Bug,Internal Test,Normal,incremental conversion for OpenClient proxy programs,D?nu? Filimon,03/04/2026 04:22 AM,100
11156,Bug,Review,Normal,Conversion fails if source folder is a symlink,D?nu? Filimon,01/30/2026 05:44 AM,100
9078,Bug,Review,Normal,emit FindQuery as (reused) variables,D?nu? Filimon,08/19/2025 09:00 AM,100
9318,Bug,Review,Normal,Make record nursery visible on removeRecords,D?nu? Filimon,05/13/2025 06:42 AM,90
9032,Bug,WIP,Normal,Reduce the number of exceptions that are being thrown,D?nu? Filimon,10/01/2024 05:38 AM,50
7059,Bug,WIP,Normal,FWD shouldn't raise errors for non-numeric extent indexes.,D?nu? Filimon,06/27/2023 08:04 AM,0
7567,Bug,WIP,Normal,use Session.PK instead of DatabaseManager.PRIMARY_KEY wherever possible,D?nu? Filimon,11/15/2023 08:23 AM,80
6385,Bug,WIP,Normal,Problem with conversion of REPOSITION TO ROWID with UNKNOWN literal for rowid,D?nu? Filimon,07/05/2023 03:30 AM,0
8044,Bug,WIP,Normal,"Fix ""Failed direct-access due to Error direct accessing for finding record by unique index"" messages",D?nu? Filimon,04/25/2025 05:42 AM,90
7421,Bug,WIP,Normal,Check only the indexes that were changed when using Validation.checkMaxIndexSize ,D?nu? Filimon,07/26/2023 03:29 AM,80
7722,Bug,WIP,Normal,improve performance of equals/not equals when used with character/longchar,D?nu? Filimon,08/24/2023 07:45 AM,80
9590,Bug,WIP,Normal,Double LOAD for each record in FWD,D?nu? Filimon,02/19/2025 03:30 AM,50
9852,Bug,WIP,Normal,"Portal ""C_10"" does not exist error",D?nu? Filimon,04/03/2025 06:55 AM,0
5307,Bug,WIP,Normal,AdaptiveQuery goes into dynamic mode too aggressively,D?nu? Filimon,11/09/2022 07:36 AM,0
9396,Bug,WIP,Normal,Improve Incompatible data types in expression or assignment. (223) error handling,D?nu? Filimon,12/12/2024 04:29 AM,80
7647,Bug,New,Normal,Leverage internal H2 _ROWID_ with FWD recid,D?nu? Filimon,08/17/2023 03:20 AM,0
11294,Bug,Review,Normal,Widget is overlapped by another widget after the parent frame is made visible ,Delia Mitric,03/13/2026 07:53 AM,100
11314,Bug,Review,Normal,UP/DOWN key pressed after CTRL_LEFT /CTRL_RIGHT in a COMBO-BOX doesn't select the correct  list-item,Delia Mitric,03/25/2026 04:13 AM,100
11044,Bug,Review,Normal,FILL-IN with Unknown Value: Incorrect Key Input Handling,Delia Mitric,03/05/2026 05:50 AM,100
10706,Bug,Review,Normal,Date FILL-IN: Unintended VALUE-CHANGED Event Triggered by BACKSPACE,Delia Mitric,01/29/2026 03:38 PM,100
10875,Bug,Review,Normal,COMBO-BOX: Ctrl-UP and Ctrl-DOWN keys do nothing,Delia Mitric,03/25/2026 06:09 AM,100
11170,Bug,WIP,Normal,The caret position is initially wrong  for DECIMAL/INTEGER FILL-IN widgets,Delia Mitric,03/24/2026 05:14 AM,90
6963,Bug,New,Normal,Incorrect conversion of legacy class constructors with an unknown argument of object type,Eduard Marcu,12/03/2024 05:35 AM,0
7999,Bug,Review,Urgent,FWD does not honor FIELDS/EXCEPT at dynamic queries,Eduard Soltan,02/27/2026 04:23 AM,100
10611,Bug,Review,Normal,Incorrect abbreviation name resolved at conversion time,Eduard Soltan,01/30/2026 07:09 AM,100
4602,Bug,Review,Normal,fixes for OO 4GL and structured error handling ,Eduard Soltan,03/18/2026 10:35 AM,100
7352,Bug,WIP,Normal,Mismatching results when comparing case-insensitive/case-sensitive values between 4GL and FWD,Eduard Soltan,07/11/2023 02:50 AM,0
5651,Bug,WIP,Normal,conditions raised from a finally block,Eduard Soltan,03/25/2026 01:31 PM,20
9354,Bug,WIP,Normal,Invalid handle (3135) error is thrown insted of the 10068 error.,Eduard Soltan,02/24/2026 10:10 AM,90
9819,Bug,WIP,Normal,SESSION:FIRST-ASYNC-REQUEST and SESSION:LAST-ASYNC-REQUEST,Eduard Soltan,05/21/2025 07:15 AM,70
5761,Bug,New,Normal,replace ErrorManager.displayError with recordOrThrowError and fix recordOrShowError to morph into a recordOrThrowError in certain cases.,Eduard Soltan,03/19/2026 08:13 AM,0
10961,Bug,New,Normal,Optimize StringBuilder usage in FWD,Eduard Soltan,12/08/2025 03:52 AM,0
2656,Bug,WIP,Normal,race condition in DynamicTablesHelper,Eric Faulhaber,11/16/2016 12:08 PM,0
3315,Bug,WIP,Normal,infinite loop in mark_client_branch during annotations because of nest CAN-FINDs with temp and perm tables,Eric Faulhaber,08/24/2017 11:49 AM,0
2261,Bug,New,Normal,improve server startup performance,Eric Faulhaber,11/16/2016 12:30 PM,50
4797,Bug,New,Normal,"review Persistence.load, as called by RAQ.executeImpl",Eric Faulhaber,07/20/2020 03:00 PM,0
6599,Bug,New,Normal,minimal mode conversion problem with DMO name collision,Eric Faulhaber,08/15/2022 01:11 PM,0
8135,Bug,New,Normal,replace ScopedDictionary for better performance,Eric Faulhaber,12/21/2023 02:42 PM,0
10693,Bug,Merge Pending,Normal,Incorrect z-order and focus for new Stack trace dialog ,Eugenie Lyzenko,12/03/2025 06:38 AM,100
6676,Bug,Review,Normal,BACK-TAB jumps by two widgets at once,Eugenie Lyzenko,08/16/2022 10:34 AM,0
7657,Bug,Review,Normal,8-bit character entry problem in ChUI,Eugenie Lyzenko,04/30/2025 08:23 AM,100
8139,Bug,New,Normal,"OS-COMMAND fails on windows if not in ""batch mode""",Eugenie Lyzenko,02/02/2024 03:03 AM,0
8116,Bug,New,Normal,SEARCH vs FILE-INFO,Eugenie Lyzenko,12/14/2023 09:29 AM,0
10365,Bug,Internal Test,Normal,Mismatched number of parameters passed to routine for external function,Florin Eugen Rotaru,09/15/2025 09:16 AM,100
9350,Bug,Internal Test,Normal,gap marking for LOG-MANAGER attributes and methods is probably wrong,Galya B,12/10/2024 09:57 AM,100
8383,Bug,Review,Normal,Some JsonObject methods create a LOG-MANAGER record in silent,Galya B,11/21/2024 07:54 AM,100
4978,Bug,Review,Normal,Static method call in base class,Greg Shah,07/26/2021 10:22 AM,100
5561,Bug,Review,High, Direct Java interface: conversion crashes when an expression is passed as argument to Java call,Greg Shah,07/22/2021 03:06 PM,100
6640,Bug,New,Normal,"parsing bug for initial "",0000""  for decimal variables or fields",Greg Shah,12/09/2024 11:55 AM,0
7742,Bug,WIP,Normal,NPE on LinuxKeyboardReader when pressing Escape in ChUI Swing application,Hynek Cihlar,08/23/2023 01:54 PM,80
5375,Bug,New,Normal,Window resizing by mouse dragging problem in WEB client,Hynek Cihlar,05/17/2021 03:06 PM,0
4043,Bug,New,Normal,Eclipse static code analysis potential issues,Igor Skornyakov,04/19/2019 06:06 AM,0
2879,Bug,New,Normal,selecting item from the list by mouse in SELECTION-LIST widget is broken,Igor Skornyakov,02/18/2016 09:04 AM,0
2935,Bug,New,Normal,Active drop-down disables triggers and WAIT ... PAUSE,Igor Skornyakov,01/06/2016 10:34 AM,0
7364,Bug,New,Normal,Build a full test-suite for fast copy-temp-table ,Ioana-Cristina Prioteasa,04/24/2025 03:38 AM,0
10266,Bug,WIP,Normal,Incorrect Input Handling in Grouped CHARACTER FILL-INs,Ionut-Mihai Simioniuc,02/09/2026 11:59 AM,80
9133,Bug,Internal Test,Normal,Array subscript is out of range stops the evaluation of other expressions in the where clause,Lorian Sandu,01/22/2025 04:13 AM,0
9414,Bug,New,Normal,Re-enable support for nio sockets on Java 17,Lorian Sandu,02/10/2025 06:40 AM,0
10732,Bug,New,Normal,Fix Stream.assignDatum to handle all possible BDT types ,Lorian Sandu,10/16/2025 07:38 AM,0
7460,Bug,Merge Pending,High,implement Progress.Lang.Class:getMethods ,Marian Edu,12/04/2023 03:25 AM,80
6053,Bug,Review,Normal,Widget realisation,Marian Edu,07/21/2022 11:54 AM,100
10569,Bug,Internal Test,Normal,Semicolon is skipped while preprocessing,Octavian Adrian Gavril,02/25/2026 08:57 AM,100
10639,Bug,Review,Normal,Incremental conversion - unexpected DMO generation for space-only changes,Octavian Adrian Gavril,11/11/2025 03:03 AM,100
10482,Bug,WIP,High,[REGRESSION] DMO temp-table SQL name is no longer deterministic,Octavian Adrian Gavril,09/04/2025 04:10 AM,0
9969,Bug,WIP,Normal,Parsing query string error with \r character.,Octavian Adrian Gavril,02/24/2026 08:35 AM,100
10028,Bug,WIP,Normal,FWD needs full support for unicode/octal escape sequences,Octavian Adrian Gavril,05/22/2025 09:51 AM,0
9835,Bug,WIP,Normal,The same rules files are loaded and compiled multiple times,Octavian Adrian Gavril,04/10/2025 09:58 AM,0
7113,Bug,Review,Normal,Problem with nested CAN-FIND conversion,Ovidiu Maxiniuc,11/29/2023 11:56 AM,0
6577,Bug,Review,Normal,move RecordBuffer.ooFields at the DMO meta,Ovidiu Maxiniuc,07/20/2022 04:51 AM,100
1576,Bug,WIP,Normal,Moving ACL items up and down faulty in admin applet,Ovidiu Maxiniuc,10/15/2012 09:50 AM,0
5289,Bug,WIP,Normal,Misc. problems with triggers,Ovidiu Maxiniuc,06/14/2021 06:15 PM,0
5322,Bug,WIP,Low,FqlToSqlConverter fails to identify property,Ovidiu Maxiniuc,05/07/2021 02:05 PM,0
4796,Bug,WIP,Normal,locking regression in RAQ introduced with the FFC ,Ovidiu Maxiniuc,07/21/2020 02:37 AM,0
1575,Bug,WIP,Normal,Move ACL instance fail,Ovidiu Maxiniuc,10/05/2012 11:54 AM,0
5625,Bug,WIP,Normal,changing a before-table reserved field does not flush the change in the after-table,Ovidiu Maxiniuc,09/13/2021 10:55 AM,0
1450,Bug,WIP,Normal,comment conversion fail,Ovidiu Maxiniuc,10/24/2012 10:42 AM,0
6703,Bug,WIP,Normal,loading schema table DMO interface with no defined fields,Ovidiu Maxiniuc,10/05/2022 02:21 PM,100
3647,Bug,WIP,Normal,incorrect hql and incorrect sql generated for nested CAN-FIND,Ovidiu Maxiniuc,07/20/2018 09:30 AM,0
6502,Bug,WIP,High,"DATASET:CREATE-LIKE copies temp-table options (like XML-NODE-NAME), while TEMP-TABLE:CREATE-LIKE does not",Ovidiu Maxiniuc,07/07/2022 12:45 PM,50
8952,Bug,WIP,Normal,Maximum function call inside a dynamic query is broken,Ovidiu Maxiniuc,07/12/2024 09:23 AM,0
3243,Bug,New,Low,possible mismatch in runtime sequence definition and retrieval,Ovidiu Maxiniuc,02/07/2017 12:08 PM,0
4917,Bug,New,Normal,eliminate redundant ORDER BY elements in multi-table queries,Ovidiu Maxiniuc,10/01/2020 01:16 PM,0
2536,Bug,New,Low,improve dynamic query parser error handling,Ovidiu Maxiniuc,11/16/2016 01:21 PM,80
1690,Bug,New,Normal,better exception handling when OS libraries are not found by P2J,Ovidiu Maxiniuc,10/23/2012 05:33 PM,0
10624,Bug,Review,Normal,DO WHILE that contains a FINALLY block can be executed too many times,Paul Bodale,01/21/2026 08:37 AM,100
4766,Bug,WIP,Normal,fix CHR and ASC,Paul Bodale,02/20/2026 10:29 AM,70
2990,Bug,New,Normal,inconsequent field names in shared temp-tables,Paul E,02/11/2016 11:18 AM,0
10620,Bug,Review,Normal,Missing getter when converting frame attributes in MESSAGE statements,Paula P?str?gu?,09/26/2025 07:24 AM,100
9985,Bug,WIP,Normal,Incorrect text width calculation when metrics are not cached,Paula P?str?gu?,09/18/2025 04:01 AM,10
7132,Bug,WIP,Normal,Eliminate for-each loops and lambda in FWD-H2 code,Radu Apetrii,02/27/2023 08:45 AM,50
7211,Bug,WIP,Normal,Several H2 connections for one single session,Radu Apetrii,06/01/2023 08:30 AM,0
7252,Bug,WIP,Normal,Use direct-access to support for-each queries without WHERE and BY clauses,Radu Apetrii,02/08/2024 09:01 AM,90
7474,Bug,WIP,Normal,FindQuery provides the wrong result because the record is not updated in the database,Radu Apetrii,03/15/2024 01:30 PM,0
9194,Bug,WIP,High,FWD selects the wrong index when using CONTAINS?,Radu Apetrii,11/26/2024 09:45 AM,50
8459,Bug,WIP,Normal,investigate changing H2 to allow NULL to equal NULL (and the impact on the other compare operators),Radu Apetrii,03/25/2024 02:53 AM,90
11114,Bug,Internal Test,Normal,NPE when redirecting terminal,Razvan-Nicolae Chichirau,03/16/2026 09:32 AM,100
10938,Bug,Review,Normal,Date FILL-IN: Incorrect SCREEN-VALUE after widget enablement,Razvan-Nicolae Chichirau,03/23/2026 07:50 AM,100
11211,Bug,Review,Normal,Improve source detection when dispatching mouse wheel events,Razvan-Nicolae Chichirau,02/27/2026 06:24 AM,100
11191,Bug,WIP,Normal,ChUI: COMBO-BOX raises error 4058 on valid SCREEN-VALUE assignment,Razvan-Nicolae Chichirau,03/24/2026 04:47 AM,0
9525,Bug,Review,Normal,Testcases: incorrect placeholders in directory.xml.template and other configuration problems,Roger Borrello,09/23/2025 10:56 AM,100
5587,Bug,WIP,Normal,Decimal format  not handled properly ,Roger Borrello,08/06/2021 03:48 PM,0
9102,Bug,WIP,Normal,Cleanup implementation of custom color tables,Roger Borrello,02/11/2025 01:00 PM,0
4618,Bug,New,Normal,Default location of dialog box title is left justified instead of centered,Roger Borrello,04/29/2020 12:01 PM,0
8919,Bug,WIP,Normal,Cursor issues with LOAD-MOUSE-POINTER and Win32 SetCursor,?erban Bursuc,07/23/2024 09:38 AM,20
10530,Bug,WIP,Normal,Move cursor change logic from JS client to the FWD client,?erban Bursuc,09/08/2025 07:09 AM,0
9592,Bug,New,Normal,Implement a global cursor in Swing ,?erban Bursuc,01/30/2025 04:12 AM,0
9529,Bug,New,Normal,Newly created window is shown in front of DIALOG-BOX,?erban Bursuc,01/14/2025 06:33 AM,0
10915,Bug,Internal Test,Normal,ugly dialogs,Sergey Ivanovskiy,03/30/2026 05:03 AM,100
6267,Bug,Review,High,StackOverflowError in BROWSE widget,Sergey Ivanovskiy,05/02/2022 06:46 AM,100
9640,Bug,WIP,Normal,port range resiliency issue,Sergey Ivanovskiy,02/11/2025 01:30 PM,0
5045,Bug,WIP,High, Message area becomes unchanged if its window is resizing,Sergey Ivanovskiy,12/28/2020 01:54 PM,0
2759,Bug,New,Normal,the key input becomes frozen (no deadlock) if the keys are pressed rapidly,Sergey Ivanovskiy,11/16/2016 12:23 PM,0
10914,Bug,Review,Urgent,clicking browse hyperlinked cells does not load its content into a browser tab,Stanislav Lomany,11/22/2025 03:54 PM,0
5245,Bug,Review,Normal,BrowseColumnWidget.getScreenValue(): incorrect handling of an unknown value,Stanislav Lomany,04/24/2021 06:15 PM,0
2955,Bug,WIP,Normal,Update records participating in a scrolling adaptive query.,Stanislav Lomany,04/25/2016 02:16 PM,0
5068,Bug,WIP,Normal,error-status:error is invalid,Stanislav Lomany,01/07/2021 07:55 AM,0
1308,Bug,WIP,Normal,dirty share - related abend,Stanislav Lomany,11/08/2012 05:54 PM,0
6636,Bug,WIP,Normal,Unwanted selection due to direct manipulation,Stanislav Lomany,07/25/2022 11:44 AM,0
2896,Bug,New,Normal,Close dynamically defined query when an underlying buffer is closed ,Stanislav Lomany,03/28/2016 03:06 PM,0
4057,Bug,New,Normal,h2 performance degradation,Stanislav Lomany,01/23/2024 04:31 PM,0
7907,Bug,New,Normal,Browse row-leave handler not called after apply entry in FWD,Stanislav Lomany,10/16/2023 04:27 AM,0
9918,Bug,Internal Test,Normal,tilde doesn't duplicate semicolon in alternative codings,Stefan Vieru,02/24/2026 08:34 AM,100
10099,Bug,Internal Test,Normal,"Tilde consumes the octals/follow-up characters, when in OE this doesn't happen",Stefan Vieru,02/24/2026 08:34 AM,100
9905,Bug,Internal Test,Normal,EOF file is not matched during preprocessing,Stefan Vieru,02/24/2026 08:35 AM,100
9886,Bug,Internal Test,Normal,Double slashes should produce a new line during preprocessing,Stefan Vieru,02/24/2026 08:33 AM,100
9903,Bug,Internal Test,Normal,alternative codings with ' (quote) don't convert to ` (backtick),Stefan Vieru,02/24/2026 08:34 AM,100
6308,Bug,Internal Test,Normal,post string literal alternative coding quirk in 4GL preprocessor,Stefan Vieru,02/24/2026 08:33 AM,100
9633,Bug,Review,High,bulk delete for permanent tables,Stefanel Pezamosca,12/04/2025 07:52 AM,80
10026,Bug,WIP,Normal,A multi-table AdaptiveQuery running off-end is still updating the cursor,Stefanel Pezamosca,07/29/2025 09:32 AM,0
10772,Bug,Internal Test,Low,NUM-RESULTS on a FOR EACH query fails,Teodor Gorghe,03/13/2026 08:54 AM,100
10937,Bug,Internal Test,Normal,fwd-h2 'killedMultiplexesCleanup' must not abend if the batch is not empty,Teodor Gorghe,02/16/2026 10:18 AM,90
10390,Bug,Internal Test,Normal,FIND FIRST buffer field change does not propagate into the next FIRST FIRST statements.,Teodor Gorghe,02/19/2026 01:49 AM,100
11149,Bug,Review,Normal,"DO i = 1 TO LENGTH(r, ""RAW"") converts to incompatible type expression",Teodor Gorghe,01/28/2026 03:56 AM,100
9340,Bug,Internal Test,Normal,CHOOSE statement does not display widget help string in ChUI,Tomasz Domin,02/16/2026 12:45 PM,100
7879,Bug,WIP,Normal,Cursor isn't positioned right when FILL-IN split on multiple lines,Tomasz Domin,10/17/2023 04:41 AM,0
3056,Bug,New,Normal,Mouse pointer issues for menus,Vadim Gindin,04/21/2016 01:27 AM,0
2557,Bug,New,Low,Fix MENUBAR layouting in a window,Vadim Gindin,11/16/2016 02:37 PM,0
2482,Bug,WIP,Normal,conversion of FIND does not honor NO-LOCK when specified early,Vadim Nebogatov,04/19/2016 11:31 AM,0
7646,Bug,Merge Pending,Normal,FILL-IN: NPE during the PASTE of non-text clipboard contents,Vladimir Tsichevski,02/13/2026 11:35 AM,100
8309,Bug,Internal Test,Normal,Do the error handling for r-index and extend implementation to INDEX and LONGCHAR,Vladimir Tsichevski,12/24/2025 09:22 AM,100
8261,Bug,Internal Test,Normal,REGRESSION: delete selection works incorrectly for a left-aligned decimal FILL-IN,Vladimir Tsichevski,02/09/2024 01:17 PM,100
9657,Bug,Internal Test,Normal,Date FILL-IN with no separator format: incorrect display value for unknown date value,Vladimir Tsichevski,02/11/2026 12:14 PM,100
9278,Bug,Internal Test,Normal,FILL-IN: VALUE-CHANGED sent twice for user input causing selection clear action,Vladimir Tsichevski,10/25/2024 05:51 AM,100
8206,Bug,Internal Test,Normal,Logging manager issues,Vladimir Tsichevski,12/24/2025 01:33 PM,100
10876,Bug,Internal Test,Normal,Date FILL-IN: Incorrect ENTER key handling in GUI mode,Vladimir Tsichevski,02/05/2026 03:04 PM,100
9400,Bug,Internal Test,Normal,REGRESSION: Extra spaces inserted into date FILL-IN for formats with no date component separators,Vladimir Tsichevski,02/06/2025 02:37 AM,100
10471,Bug,Internal Test,Normal,Incorrect Integer Formatting as Legacy Time,Vladimir Tsichevski,02/05/2026 11:32 AM,100
9572,Bug,Internal Test,Normal,ArrayIndexOutOfBoundsException and wrong newline handling in RedirectedTerminal.addChar() ,Vladimir Tsichevski,02/11/2026 03:40 PM,100
10973,Bug,Review,Normal,REGRESSION: No string literal to LONGCHAR conversion for 4GL class method call parameters,Vladimir Tsichevski,12/13/2025 01:42 PM,100
6767,Bug,Review,Normal,Possible name clashes in DMO classes,Vladimir Tsichevski,02/05/2026 03:50 PM,100
9037,Bug,WIP,Normal,Two timers problem: only one fires,Vladimir Tsichevski,02/13/2026 08:32 AM,100
10075,Bug,WIP,Normal,Number format validation issues,Vladimir Tsichevski,01/30/2026 09:29 AM,0
11080,Bug,WIP,Normal,DATETIME / DATETIME-TZ Format (Time and Timezone Offset) Validation Issues,Vladimir Tsichevski,01/06/2026 02:13 PM,0
11129,Bug,WIP,Normal,ChUI: Ctrl-Tab Does Not Cycle Focus Between Multiple Frames,Vladimir Tsichevski,02/12/2026 12:52 PM,70
10692,Bug,WIP,Normal,Numeric FILL-IN: Problems with formats using debit/credit sign placeholders,Vladimir Tsichevski,02/10/2026 01:51 PM,90
11053,Bug,WIP,High,DATETIME-TZ FILL-IN crashes in VALUE-CHANGED trigger,Vladimir Tsichevski,12/18/2025 12:52 PM,0
9913,Bug,WIP,Normal,DATE FILL-IN: Unexpected normalization on Enter and Tab keys,Vladimir Tsichevski,01/05/2026 02:19 PM,50
9225,Bug,WIP,Normal,EDITOR: incorrect cursor position after Ctrl-Right key press,Vladimir Tsichevski,12/11/2024 02:20 PM,0
8770,Bug,WIP,Normal,ENTRY event is not sent for a frame when window receives focus,Vladimir Tsichevski,02/13/2026 06:35 AM,80
7674,Bug,WIP,Normal,FILL-IN for a character variable: cannot delete an unknown value,Vladimir Tsichevski,11/21/2025 05:37 PM,0
7642,Bug,WIP,Normal,Assigning SESSION:DATE-FORMAT has no effect on existing date instances,Vladimir Tsichevski,10/20/2025 06:56 PM,0
5989,Bug,WIP,Normal,MESSAGE SET: empty string is treated as undefined,Vladimir Tsichevski,01/20/2022 08:22 AM,50
5622,Bug,WIP,Normal,TREEVIEW widget issues,Vladimir Tsichevski,12/06/2024 05:34 AM,0
5118,Bug,WIP,Normal,TREELIST widget issues,Vladimir Tsichevski,12/09/2024 09:20 AM,0
10654,Bug,New,Normal,TreeList MultiSelect Mode Issues,Vladimir Tsichevski,10/04/2025 05:19 PM,0
10212,Bug,New,Normal,FILL-IN for DECIMAL Variable: Incorrect DELETE-CHARACTER Handling in ChUI Mode,Vladimir Tsichevski,06/25/2025 02:46 PM,0
10249,Bug,New,Normal,Numeric FILL-IN in ChUI Mode: Decimal Delimiter Input Discrepancies,Vladimir Tsichevski,01/09/2026 04:13 PM,0
10433,Bug,New,Normal,FILL-IN (DATE type): Incorrect digit insertion position in freshly opened FILL-IN,Vladimir Tsichevski,08/15/2025 11:46 AM,0
10627,Bug,New,Normal,Numeric FILL-IN: Format Index Miscalculation,Vladimir Tsichevski,09/26/2025 01:10 PM,0
6812,Bug,Internal Test,High,fix FastFindCache to use a shared instance per persistent database,"",11/29/2023 10:59 AM,90
6887,Bug,Review,Normal,improve performance of dataset/table[-handle] parameters,"",01/19/2024 02:43 AM,0
6627,Bug,Review,Normal,improve conversion memory footprint for AstKey persistent maps,"",02/09/2023 12:38 PM,0
6275,Bug,Review,Normal,SKIP-DELETED-RECORD implementation,"",08/26/2022 09:41 PM,0
8807,Bug,Review,Normal,A trigger of ANYWHERE type does not shadow existing trigger for the same event,"",07/12/2024 04:04 PM,100
6443,Bug,Review,Normal,Widget ROW/COLUMN validation,"",05/27/2022 01:51 AM,100
5030,Bug,WIP,Normal,xfer dataset test issues,"",01/15/2021 11:59 AM,0
3367,Bug,WIP,Normal,collision between sequence and table names,"",11/08/2017 03:28 PM,50
6537,Bug,WIP,High,problems with ADD-INTERVAL,"",06/23/2022 05:23 PM,80
6837,Bug,WIP,Normal,prevent unnecessary upper/rtrim injection in queries if the data type doesn't require it,"",02/08/2023 04:00 AM,0
18,Bug,WIP,Normal,issues with ne/equal and true/false conversion in WHERE clauses,"",06/02/2014 12:15 PM,0
2533,Bug,WIP,Normal,management of dynamic buffer handles,"",03/03/2015 11:55 AM,0
8183,Bug,WIP,Normal,debugging database module,"",01/11/2024 06:11 PM,0
4453,Bug,WIP,Normal,Handling of filename with quotation mark broken in control_flow.rules,"",03/03/2020 02:46 PM,0
3263,Bug,WIP,Normal,com.goldencode.p2j.Version class always loaded from p2jspi.jar,"",03/14/2017 06:14 PM,100
3357,Bug,WIP,Normal,Code Analytics file filter view not working correctly on Windows,"",10/11/2017 11:23 PM,0
2295,Bug,WIP,Normal,In Progress output parameters ignore decimal precision,"",07/23/2016 10:48 AM,0
8353,Bug,WIP,Normal,Fully support stanza INI LOAD/USE/UNLOAD scenarios,"",04/09/2025 11:51 AM,0
7794,Bug,WIP,Normal,FILL-IN: editing numbers issues,"",02/05/2026 03:11 PM,0
2499,Bug,WIP,Normal,DST portion of the timezone offset is always included when it should be conditional,"",02/05/2015 06:02 PM,0
8872,Bug,WIP,Normal,WAIT-FOR with FOCUS explicitly specified: NO-APPLY return from ENTRY trigger must be ignored,"",06/26/2024 02:27 PM,50
8673,Bug,WIP,Normal,Deduce the logic behind OE focus management and implement in FWD,"",02/06/2025 02:11 AM,30
7515,Bug,WIP,Normal,FILL-IN: editing dates issues,"",01/30/2024 07:48 AM,0
6057,Bug,WIP,Normal,Attributes access causing widget to be realized when not need to.,"",02/16/2022 07:03 AM,0
5809,Bug,WIP,Normal,Setting sizing attributes for WINDOW and FRAME widgets issues,"",11/16/2021 11:10 AM,20
4636,Bug,WIP,Normal,Make the Theme API independent on concrete implementation classes,"",06/20/2020 11:50 AM,0
3597,Bug,WIP,Normal,"fix direct manipulation problems related to MOVABLE, SELECTED, SELECTABLE and misc widget types","",11/13/2019 12:07 PM,50
9595,Bug,WIP,Normal,Records accessed from dynamic buffers remain LOCKed until the user context is destroyed,"",01/30/2025 10:31 AM,0
9465,Bug,WIP,Normal,Emit the right errors when binding datasets,"",12/18/2024 10:32 AM,0
1702,Bug,WIP,Normal,message_stmt[3-5].p issues,"",03/23/2016 02:20 PM,0
10678,Bug,New,Normal,~u#### escape sequences which have no equivalent  in the cpinternal should be not converted,"",10/06/2025 07:30 AM,0
9058,Bug,New,Normal,NPE in NumberFormat with SMTP example procedure,"",08/16/2024 04:38 AM,0
11089,Bug,New,Normal,Lexical/Grammatical Errors in TRPL Expressions,"",01/11/2026 06:24 AM,0
9052,Bug,New,Normal,Identity crisis between upvalues of higher scope variables in do i=1 to N block,"",08/14/2024 10:01 AM,0
10850,Bug,New,Normal,getAst() usage from TRPL must be read-only,"",11/12/2025 06:17 AM,0
8910,Bug,New,Normal,'VIEW frame IN WINDOW' converts to invalid Java,"",06/29/2024 06:20 AM,0
7855,Bug,New,Normal,Integrate fixEmptyContains into mainWalk at FQL preprocessing,"",09/29/2023 06:58 AM,0
9008,Bug,New,Normal,Trigger fired when iterating a Finalizable collection allows it to be modified,"",07/29/2024 02:44 AM,0
4513,Bug,New,Normal,Check up cases when the drawing code use ThinClient.isChui() in the redirected mode instead of screen().isChui(),"",01/21/2020 12:08 PM,0
2224,Bug,New,Normal,StackOverflowError on start server in runtime when logging level is set to FINEST,"",01/09/2014 03:30 PM,0
8510,Bug,New,Normal,replace all 'new logical' in FWD runtime with logical.of or logical.UNKNOWN,"",04/03/2024 05:26 AM,0
7821,Bug,New,Normal,Duplication of table records in schema namespace causes dynamic conversion to fail,"",09/20/2023 06:11 PM,0
8346,Bug,New,Normal,Find and fix any use cases with implicit use of working directory when accessing file-system resource,"",02/26/2024 01:18 PM,0
9836,Bug,New,Normal,Drop BlockManager API for empty methods,"",03/26/2025 06:05 AM,0
8008,Bug,New,Normal,"read-json on a 1252 longchar should convert to utf-8 automatically before hydrating temp-tables/datasets, and support other Unicode encodings like UTF-32","",12/05/2023 05:51 AM,0
1454,Bug,New,Normal,progress lexer fails to parse comments without space before,"",11/15/2016 04:47 PM,0
7990,Bug,New,Normal,investigate what can be improved after 7494a adds BlockDefinition instance to Scopeable.scopeStart,"",10/31/2023 01:34 PM,0
7088,Bug,New,Normal,Lazily initialize activeBundle inside RandomAccessQuery,"",02/02/2023 06:40 AM,0
8274,Bug,New,Normal,use singleton/immutable BDT instances when returned from FWD runtime into the application,"",02/13/2024 02:26 PM,0
8929,Bug,New,Normal,Constructors with EXTENT parameters fails,"",07/05/2024 04:32 AM,0
10237,Bug,New,Normal,keepTildes is keeping tilde when preprocessor directive contains tilde and curly brace,"",02/24/2026 08:35 AM,0
3350,Bug,New,Normal,No suitable method found for isEqual,"",10/11/2017 09:38 AM,0
1923,Bug,New,Normal,&MESSAGE preprocessor directive expects NL only;  needs to detect EOF as well,"",11/16/2012 02:18 PM,0
2153,Bug,New,Normal,frame name resolution when multiple functions have internal frames with the same name,"",05/23/2013 07:51 AM,0
6997,Bug,New,Normal,OUTPUT BY-REFERENCE records are not cleared,"",03/11/2024 02:16 PM,0
8294,Bug,New,Normal,SESSION attributes access statements produce uncompilable Java code,"",02/20/2024 09:37 AM,0
7371,Bug,New,Normal,proper handling of exception case in cacheExpired,"",05/22/2023 07:19 AM,0
7220,Bug,New,Normal,Record not created when property is set to empty string,"",03/27/2023 10:29 AM,0
7759,Bug,New,Normal,improve CASE statement for integer type,"",08/29/2023 05:01 PM,0
7413,Bug,New,Normal,DUMP-NAME is not guaranteed to be unique in the .df,"",06/09/2023 10:52 AM,0
6852,Bug,New,Normal,Problem with datetime-tz literal string conversion.,"",10/18/2022 11:22 AM,0
6744,Bug,New,Normal,rollback when there are catch/finally blocks opening their own transactions,"",12/03/2024 05:33 AM,0
6741,Bug,New,Normal,Word index support  for MariaDB.,"",09/09/2022 01:43 AM,0
7176,Bug,New,Normal,cleanup p2j.oo code considering the #7045 and #7122,"",03/07/2023 08:05 AM,0
3349,Bug,New,Normal,FOCUS handle is invalid for ./wait-for_restore_focus1.p,"",10/11/2017 09:14 AM,0
6492,Bug,New,Normal,problems with dynamic queries for meta tables,"",04/25/2024 06:48 PM,0
7073,Bug,New,Normal,Launching non-interactive program creates JNI core dump in process_linux.c due to ncurses,"",01/25/2023 07:37 AM,0
7656,Bug,New,Normal,investigate performance of context-local helpers (e.g. TransactionManager.TransactionHelper),"",11/21/2023 07:29 AM,0
9872,Bug,New,Normal,Runtime import statement relies on the ImportWorker to read lob data.,"",04/05/2025 11:23 AM,0
6999,Bug,New,Normal,OO methods/properties used in direct Java calls,"",12/16/2022 03:31 AM,0
3346,Bug,New,Normal,Menu items selection works incorrectly,"",10/10/2017 12:56 PM,0
6579,Bug,New,Normal,QUERY-PREPARE validation,"",07/07/2022 02:22 AM,0
6475,Bug,New,Normal,double-check and fix any read/write-xml/json issues at table and dataset,"",05/26/2023 04:38 PM,0
6974,Bug,New,Normal,NPE at OpenEdge.Core.Class.IsInterface,"",12/01/2022 07:52 AM,0
7345,Bug,New,Normal,The memptr deallocation attempt after the connection to client is interrupted/suspended,"",05/11/2023 06:08 AM,0
7200,Bug,New,Normal,fix INIT and LABEL for LIKE defined fields or variables,"",03/15/2023 01:32 PM,0
9023,Bug,New,Normal,Cannot run reports from a path with spaces,"",08/01/2024 05:35 PM,0
3177,Bug,New,Normal,The converted redirected_report_25.p doesn't compile.,"",09/02/2016 11:52 AM,0
1573,Bug,New,Normal,Defect in saving logic of rights editor,"",09/29/2012 06:58 AM,0
1706,Bug,New,Normal,temp-table buffer scoping,"",04/21/2016 08:51 AM,0
3327,Bug,New,Normal,Oracle javac has problems to compile specific usages of some FWD API,"",08/15/2017 04:41 AM,0
4149,Bug,New,Normal,BlockManager and TransactionManager handle TransactionType.NONE incorrectly,"",10/31/2022 10:30 AM,0
8257,Bug,New,Normal,meta tables leaking to primary database,"",02/07/2024 02:30 PM,0
6743,Bug,New,Normal,fix GET-SIGNATURE for all parameter modes and types,"",09/09/2022 12:38 PM,70
6715,Bug,New,Normal,BufferManager.validate throws IllegalStateException if a validation fails via a ValidateException ,"",10/14/2022 03:04 PM,0
8925,Bug,New,Normal,Datetime/DatetimeTZ literals,"",07/05/2024 04:40 AM,0
3318,Bug,New,Normal,Incorrect handling of MINUS operator is some cases,"",08/11/2017 09:19 AM,0
6623,Bug,New,Normal,"validate the memptr bytes in ""copy-lob from memptr to clob/longchar"" statement","",07/21/2022 03:08 AM,0
6811,Bug,New,Normal,ERROR conditions converted to structured OO exceptions are not logged in OE,"",10/05/2022 12:10 PM,0
11266,Bug,New,Normal,Filename of extension too long in Windows during import,"",02/27/2026 10:47 AM,0
6693,Bug,New,Normal,StringFormat fixes - finish up and merge branch 4880a|b|c,"",08/23/2022 01:56 AM,0
6434,Bug,New,Normal,unknown stream reference errors in post-parse-fixups,"",05/26/2022 08:59 PM,0
7714,Bug,New,Normal,basepath cannot have trailing backslash (/),"",08/17/2023 08:24 AM,0
3317,Bug,New,Normal,Multi-line string containg empty line is translated to non-compilable Java code.,"",08/11/2017 09:09 AM,0
1927,Bug,New,Normal,The Exception raising - org.hibernate.NonUniqueObjectException: a different object with the same identifier value was already associated with the session,"",12/12/2012 02:37 PM,0
6145,Bug,New,Normal,"""Bad"" characters in the query.","",03/04/2022 07:32 AM,0
6382,Bug,New,Normal,XML serialization for ATTRIBUTE and TEXT XML-NODE-TYPE fields,"",05/20/2022 07:43 AM,0
6706,Bug,New,Normal,preserve existing camel-case usage in program names,"",08/25/2022 11:19 AM,0
5512,Bug,New,Normal,Java todate(text) UDF returns incorect value,"",07/02/2021 03:33 PM,0
5511,Bug,New,Normal,todate(text) Java UDF throws strange exception,"",07/02/2021 01:53 PM,0
5476,Bug,New,Normal,"Bug in Java UDF addinterval(date, ...)","",06/18/2021 03:12 PM,0
1449,Bug,New,Normal,ProtocolViolation error,"",07/25/2012 06:40 AM,0
10288,Bug,New,Normal,Encrypted connetion to SQL Server,"",07/15/2025 08:09 AM,0
5673,Bug,New,Normal,Additional support for INDEXED REPOSITION open query attribute,"",07/18/2022 12:28 PM,0
6533,Bug,New,Normal,dynamic equals operator,"",06/20/2022 01:11 PM,0
5909,Bug,New,Normal,Problem with conversion of STRING(char. char),"",12/20/2021 02:25 PM,0
5376,Bug,New,Normal,Reintroduce UDFs for handling special date-related operators,"",05/17/2021 06:14 PM,0
6268,Bug,New,Normal,Characters encoding issues with UTF-8 for emoji and confusable symbols.,"",04/12/2022 03:04 AM,0
6644,Bug,New,Normal,OpenClient proxy does not sanitize the names for legacy mode,"",07/29/2022 08:05 AM,0
1930,Bug,New,Normal,"toString for BaseDataType instances called by loggers causes ""Value ... cannot be displayed using <format>""","",12/21/2012 07:28 AM,0
2152,Bug,New,Normal,"server-to-sever connection problem (CTRL-C 3-way test fails on devsrv01, when ran from ant)","",05/23/2013 07:10 AM,0
5224,Bug,New,Normal,ROWID is a variable length binary value (4GL quirk),"",03/31/2021 09:40 AM,0
5901,Bug,New,Normal,at least some 4GL warnings need to process differently when the current scope has a catch block,"",12/15/2021 04:45 PM,0
5743,Bug,New,Normal,finally block: finalizable processing,"",10/20/2021 01:19 PM,0
4891,Bug,New,Normal,Nested method calls ignore 'silent' (no-error) option.,"",09/15/2020 02:59 AM,0
6612,Bug,New,Normal, Extent input-output arguments of functions are not correctly wrapped,"",07/29/2022 08:02 AM,0
3045,Bug,New,Normal,Clean up localedef warnings for en_US@p2j_basic locale,"",03/30/2016 12:48 PM,0
5635,Bug,New,Normal,OpenEdge.Core.Util.ConfigBuilder implementation,"",08/31/2021 09:27 AM,0
4940,Bug,New,Normal,"Refactor the overlapping DmoMeta, RecordMeta, and PropertyMeta classes into a more rational approach","",10/02/2020 09:22 AM,0
5691,Bug,New,Normal,deviation in error generation for invalid method/property chaining,"",09/29/2021 09:13 AM,0
5541,Bug,New,Normal,"string(decimal, string) support in FWD is not fully compatible with 4GL","",07/12/2021 03:57 PM,0
4742,Bug,New,Normal,heap usage increase on server startup,"",07/06/2020 12:27 PM,0
5539,Bug,New,Normal,X-DOCUMENT (DOM) allows ISO control characters in OpenEdge for XML version 1.0,"",07/10/2021 04:25 AM,0
6111,Bug,New,Normal,"changed 'A' conversion mode for 'abend parsing on failure' to allow parsing of all files, and terminate before 'Post-Parse Fixups' starts.","",02/25/2022 09:57 AM,0
1444,Bug,New,Normal,invalid default UNDO statement behavior,"",05/21/2012 08:20 AM,0
5613,Bug,New,Normal,4GL built-in functions throw IllegalArgumentException,"",08/20/2021 12:07 PM,0
5085,Bug,New,Normal,uppercasing and string comparisons are incorrect for some character sets,"",01/15/2021 11:48 AM,0
5446,Bug,New,Normal,PUT UNFORMATTED performace (stream is flushed on each call),"",10/01/2021 03:40 PM,0
5439,Bug,New,Normal,com.goldencode.util.Stack problem,"",06/12/2021 04:53 PM,0
4404,Bug,New,Normal,ConditionException inside full transaction FOR EACH loop,"",11/12/2019 08:28 AM,0
5608,Bug,New,Normal,raw vs memptr parameters,"",08/18/2021 01:01 PM,0
5551,Bug,New,Normal,Case sensitivity of default buffer name,"",07/16/2021 10:43 AM,0
9967,Bug,New,Normal,unix separator in strings gets resolved as unicode separator,"",05/06/2025 12:29 PM,0
9734,Bug,New,Normal,multiple 'AS type' clauses allowed in DEFINE VAR,"",03/04/2025 12:42 PM,0
5489,Bug,New,Normal,Cleanup / reimplement merge DMO definitions,"",06/20/2022 10:24 AM,0
4535,Bug,New,Normal,CONNECT statement with VALUE expression quirks,"",02/11/2020 06:17 AM,0
3961,Bug,New,Normal,"""Unexpected code path"" failure when using H2 in MVCC mode","",11/22/2019 12:56 PM,0
4852,Bug,New,Normal,ErrorManager throws 'invalid' ErrorConditionException,"",08/12/2020 07:50 AM,0
5399,Bug,New,Normal,schema parsing failure when a string literal ends in a tilde,"",06/02/2021 07:17 PM,0
20,Bug,New,Normal,NO-ERROR does not work for FIND statement on preselected results,"",09/24/2011 12:00 PM,0
1710,Bug,New,Normal,issues related to ALERT-BOX'es,"",10/29/2012 09:07 AM,0
1510,Bug,New,Normal,format not preserved for subsequent frame iterations,"",09/09/2012 12:13 PM,0
3322,Bug,New,Normal,Functions with names that differ only by hypenation and case are translated to non-compilable code,"",08/12/2017 05:50 AM,0
4426,Bug,New,Normal,Cannot find parent when processing REPEAT PRESELECT,"",03/03/2020 02:42 PM,0
3329,Bug,New,Normal,FUNCTION with formal parameter of DATETIME type cannot be used with table field of DATE type,"",08/23/2017 01:27 PM,0
4325,Bug,New,Normal,Not flushing the newly created record to the database,"",09/14/2019 05:39 PM,0
5281,Bug,New,Normal,BUFFER-COPY does not report changes in some modes,"",04/23/2021 03:15 PM,0
4537,Bug,New,Normal,CONNECT statement parameters parsing quirks,"",02/11/2020 03:50 PM,0
5011,Bug,New,Normal,unimplemented OO 4GL quirks and bugs,"",11/20/2020 09:16 AM,0
4071,Bug,New,Normal,FWD server stops allowing new web client logins after abend,"",05/08/2023 02:30 PM,0
8025,Bug,New,Normal,Persistence API improvements,"",11/10/2023 09:37 AM,0
4200,Bug,New,Normal,verify and fix all temp-table options which must result in different DMO implementations classes in FWD,"",11/19/2019 09:42 AM,0
4520,Bug,New,Normal,Implement proper codepage inheritance from permanent to temp tables,"",01/24/2020 02:01 PM,0
4564,Bug,New,Normal,unqualified field references can get the wrong buffer name if a FORM or DEF FRAME is present,"",09/09/2021 02:56 PM,0
3625,Bug,New,Normal,DISCONNECT terminates the remote database connection to early,"",06/19/2018 02:50 PM,0
5072,Bug,New,Normal,exception loading _user meta table,"",01/08/2021 10:30 AM,0
3172,Bug,New,Normal,QUERY-PREPARE can be used on static queries (and the sorting can be dynamically changed),"",06/24/2020 08:55 AM,0
4992,Bug,New,Normal,File lock with JSON Parse/Write File,"",11/04/2020 06:01 AM,0
2109,Bug,New,Normal,a comment that is the first node in a block doesn't have a new-line after it,"",01/25/2021 05:14 PM,0
9040,Bug,New,Normal,fixe dataset serialization over appserver calls,"",08/08/2024 08:44 AM,0
4752,Bug,New,Normal,Possible broken sort clause with word indexes,"",07/10/2020 05:13 PM,0
3934,Bug,New,Normal,binary logical expressions in a 4GL WHERE clause are executed left to right,"",03/01/2019 03:45 PM,0
4422,Bug,New,Normal,h2.sortNullsHigh in page-store mode,"",12/02/2019 03:37 PM,0
4931,Bug,New,Normal,possible ProgressiveResults performance improvement,"",09/29/2020 12:51 PM,0
5121,Bug,New,Normal,Converted temp table should be using the legacy name instead of the converted name in displayed messages,"",03/11/2021 07:49 AM,0
3192,Bug,New,Normal,possible optimization when the database server resides on the same box as the P2J server,"",10/07/2016 08:12 AM,0
5800,Bug,New,Normal,Conversion issue with CAN-FIND,"",11/02/2021 12:11 PM,0
5201,Bug,New,Normal,fix issues related to the error messages reported for invalid date/datetime/datetime-tz literals,"",03/15/2021 04:45 PM,0
5802,Bug,New,Normal,a date temp-table field gets assigned to incorrect date,"",11/09/2021 12:14 PM,0
5239,Bug,New,Normal,CASE WHEN statement:  unreachable break statements are sometimes inserted,"",04/05/2021 04:30 AM,0
19,Bug,New,Normal,conversion CASE to SWITCH,"",03/26/2012 12:00 PM,0
3364,Bug,New,Normal,problems with TABLE-HANDLE and TABLE parameters related to BY-REFERENCE,"",11/01/2017 09:38 AM,0
3173,Bug,New,Normal,use of DYNAMIC-FUNCTION() in the WHERE clause of a dynamic query silently fails to find a record in the 4GL while P2J acts as one would expect,"",08/19/2016 01:03 PM,0
4157,Bug,New,Normal,Name conversion report problem,"",07/29/2019 02:14 PM,0
3171,Bug,New,Normal,a natural join combined with the :: operator will cause an unexpected result,"",08/18/2016 12:32 PM,0
5377,Bug,New,Normal,H2 might block in certain conditions,"",05/17/2021 06:47 PM,0
5683,Bug,New,Normal,Consider using multiple .df files for a database,"",09/23/2021 04:05 PM,0
5615,Bug,New,Normal,Project builds should copy out p2jpl.jar from FWD,"",08/20/2021 04:58 PM,0
6007,Bug,New,Normal,Browse scrolls through deleted records,"",01/24/2022 05:34 PM,0
5440,Bug,New,Normal,finish DatabaseManager refactoring for implicit/explicit connections,"",12/06/2021 12:31 PM,0
5104,Bug,New,Normal,Cannot cast integer input parameter to dynamic function character parameter,"",01/28/2021 11:14 AM,0
3138,Bug,New,Normal,case-sensitivity propagation,"",06/28/2016 03:30 PM,0
4767,Bug,New,Normal,memptr set-size() issue,"",07/15/2020 02:56 PM,0
4156,Bug,New,Normal,"Conversion failed with ""Cannot find buffer ...""","",07/29/2019 07:13 AM,0
13,Bug,New,Normal,ambiguous field name in CAN-FIND() - Progress quirk,"",12/06/2011 12:00 PM,0
5540,Bug,New,Normal,can't query meta info for meta tables,"",07/10/2021 04:29 AM,0
5891,Bug,New,Normal,denormalized properties of extent field cause NPE when accessing attributes of buffer fields,"",12/14/2021 02:08 PM,0
5867,Bug,New,Normal,today and now initial values are not handled correctly in DmoMeta.existingFields map,"",12/02/2021 05:17 PM,0
1909,Bug,New,Normal,error initializing the MultiClassLoader when a jar in the class path does not exist,"",11/05/2012 05:50 AM,0
6310,Bug,New,Normal,"for first ""first()"", exclusive-lock, raises FWD exception while 4GL raises at the field assign","",05/03/2022 09:23 AM,0
3032,Bug,New,Normal,running ETF fails because some postgresql server process gets killed,"",04/01/2016 09:20 AM,0
6242,Bug,New,Normal,PSQLException when creating identity sequence using PostgreSQL dialect,"",04/06/2022 01:56 PM,0
5930,Bug,New,Normal,With some Java UDFs ERROR-STATUS can contain duplicate error messages,"",12/28/2021 02:55 AM,0
5953,Bug,New,Normal,Exceptions raised by UDFs with PRESELECT,"",01/06/2022 10:48 AM,0
5954,Bug,New,Normal,FOR EACH in FWD behaves differently than in 4GL when UDF raises an error,"",01/07/2022 11:09 AM,0
5956,Bug,New,Normal,FWD does not reset AVAILABLE flag after UDF error.,"",01/08/2022 04:27 AM,0
5972,Bug,New,Normal,Finish SQLWarning support for warnings raised by UDFs.,"",01/14/2022 01:51 PM,0
5978,Bug,New,Normal,handle implicit data type conversion in runtime (dynamic) conversion,"",01/17/2022 02:56 PM,0
3031,Bug,New,Normal,FOR EACH can access shared transient records in case of broken transaction isolation,"",03/18/2016 04:33 PM,0
5288,Bug,New,Normal,Some date field character comparisons have runtime incompatibilities during runtime,"",03/22/2022 02:58 PM,0
3278,Bug,New,Low,connected function converts incorrectly when passed an unquoted string,"",04/20/2017 11:50 AM,0
6353,Bug,New,Normal,Incompatible data in the _Lock VST,"",05/11/2022 02:55 PM,0
5278,Bug,New,Normal,IMPORT UNFORMATTED raw with a process stream,"",04/22/2021 03:28 PM,0
4085,Bug,New,Normal,failure parsing RUN statement filenames with embedded unmatched quotes,"",05/21/2019 08:01 AM,0
2942,Bug,New,Normal,shared temp-tables can use fields with different extent than the master temp-table,"",12/21/2015 06:41 AM,0
2946,Bug,New,Normal,SESSION:FIRST-BUFFER buffer order is wrong,"",01/06/2016 01:48 PM,0
5276,Bug,New,Normal,resolve issues with multi-byte character processing,"",09/13/2023 08:17 AM,0
4628,Bug,New,Normal,redirection doesn't seem to close an output stream on a block retry,"",02/13/2025 10:40 AM,0
4082,Bug,New,Normal,strong buffer scope can resolve ambiguous names,"",05/17/2019 01:19 PM,0
11,Bug,New,Normal,double field reference emitting problem report,"",10/03/2011 12:00 PM,0
3117,Bug,New,Normal,test and fix VALIDATION() expressions in a DELETE statement,"",05/31/2016 01:49 PM,0
2718,Bug,New,Normal,implicit conversion of empty string to integer 0,"",09/15/2015 11:26 AM,0
4563,Bug,New,Normal,assigning a dynamic extent var to a OO method call as rvalue,"",03/03/2020 01:50 PM,0
3241,Bug,New,Normal,schema conversion only allows _user table in one schema,"",02/06/2017 02:00 PM,0
2561,Bug,New,Normal,invalid DEFAULT-BUFFER-HANDLE if a secondary buffer is initialized prior to default buffer,"",04/30/2015 02:26 AM,0
4227,Bug,New,Low,FWD refuses to compile the access to the 'colon' widget attribute,"",08/13/2019 12:49 PM,0
6835,Bug,New,Normal,deferred work for #6257,"",10/11/2022 08:51 AM,0
3892,Bug,New,Normal,3750a core coversion performance regression,"",01/21/2019 10:00 AM,0
10806,Bug,New,Normal,Presort queries can sometimes dynamically find records created after opening the query,"",11/03/2025 05:23 AM,0
2937,Bug,New,Normal,improved sequence support in H2,"",04/12/2016 09:00 AM,0
3144,Bug,New,Normal,Provide correct legacy name for a RecordBuffer/TemporaryBuffer,"",07/12/2016 04:01 PM,0
6503,Bug,New,High,READ-XML automatically populates fields from NESTED relations,"",06/08/2022 04:55 AM,0
4180,Bug,New,Normal,integer.checkBounds(): the support for progress quirk is obsolete,"",08/08/2019 04:04 PM,0
3891,Bug,New,Normal,3750a regression in comment attachment,"",01/17/2019 04:29 AM,0
10,Bug,New,Normal,CAN-FIND conversion issue (if WHERE clause evaluated to TRUE),"",10/03/2011 12:00 PM,0
1709,Bug,New,Normal,"""can't operate on a closed statement error"" in log","",10/29/2012 08:50 AM,0
10422,Bug,New,Low,Some documentations links seem broken,"",08/13/2025 11:49 AM,0
2548,Bug,New,Normal,buffer/tables names are too aggressively matched in preference to other names,"",04/10/2015 05:53 AM,0
2554,Bug,New,Normal,Temp-tables with different labels / column labels are converted to the same TempRecord class.,"",04/22/2015 01:44 PM,0
4178,Bug,New,Normal,FWD and Progress report runtime integer overflow differently,"",08/08/2019 01:06 PM,0
2589,Bug,New,Normal,remote request for next primary key gives wrong result when metadata DB is running,"",06/17/2015 06:39 PM,0
4148,Bug,New,Normal,Passing HANDLE to method with TABLE-HANDLE or DATASET-HANDLE converts to uncompilable code,"",07/16/2019 10:14 AM,0
4620,Bug,New,Normal,Direct Java conversion fails for arrays of objects,"",04/17/2020 06:31 PM,0
2405,Bug,New,Normal,CompoundQuery.previous() invalid behavior after back off-end ,"",10/03/2014 11:26 AM,0
4114,Bug,New,Normal,MESSAGE throws ArrayIndexOutOfBoundsException with long output,"",06/12/2019 02:11 PM,0
3065,Bug,New,Normal,runtime conversion datatype checks,"",04/14/2016 04:56 AM,0
4461,Bug,New,Normal,DST and add-interval,"",12/11/2019 04:50 PM,0
3742,Bug,New,Normal,IE11 doesn't render the flowchart or callgraph links,"",10/04/2018 02:35 PM,0
7047,Bug,New,Normal,Problem with AdaptiveQuery and ScrollableResults,"",02/21/2023 11:57 AM,0
2176,Bug,New,Normal,exceptions to rereadnolock,"",02/01/2023 01:10 PM,0
9,Bug,New,Normal,invalid sorting for FOR/REPEAT/DO with FIRST/LAST BREAK BY,"",10/03/2011 12:00 PM,0
2526,Bug,New,Normal,Records preserving its position in the sorting index for adaptive query,"",11/16/2016 12:23 PM,0
4462,Bug,New,Normal,NOW with comparison operators,"",12/11/2019 04:50 PM,0
2448,Bug,New,Normal, DynamicQueryHelper.parse accepts predicate with garbage after terminating dot,"",11/21/2014 04:53 PM,0
2496,Bug,New,Normal,Static conversion of legacy field names does not preserve original case,"",01/22/2015 03:38 PM,0
4108,Bug,New,Normal,CLIENT-PRINCIPAL:EXPORT-PRINCIPAL method quirk (4GL bug?),"",06/08/2019 06:07 AM,0
3711,Bug,New,Normal,improve/fix comments conversion problems,"",03/04/2026 12:47 PM,0
3041,Bug,New,Normal,ambiguous field references are allowed in a CAN-FIND,"",03/25/2016 01:09 PM,0
2395,Bug,New,Normal,db admin rights requirement for the system table query,"",09/19/2014 10:30 AM,0
2178,Bug,New,Normal,Asymmetric sequence behavior,"",09/06/2013 12:23 PM,0
6870,Bug,New,Normal,implement a request queue for remote OpenClient connections,"",10/20/2022 10:36 AM,0
7836,Bug,New,Normal,explicit buffer scope when defined at external program and used in an internal entry,"",09/22/2023 12:12 PM,0
8251,Bug,New,Normal,Fine tune CompoundQuery optimization when contains clauses are used,"",02/07/2024 04:46 AM,0
8589,Bug,New,Normal,Deprecate the shared temporary database completely,"",04/05/2024 06:11 PM,0
3833,Bug,New,Normal,Conversion broken by multithreading,"",12/15/2018 06:12 PM,0
8,Bug,New,Normal,misconversion of single-table REPEAT/DO for FIRST/LAST/UNIQUE,"",10/03/2011 12:00 PM,0
1708,Bug,New,Normal,charva/awt/ScreenBitmap.java cleanup,"",10/29/2012 08:48 AM,0
8259,Bug,New,Normal,Reduce the work done by PreselectQuery.coreFetch,"",02/09/2024 04:57 AM,0
2413,Bug,New,Normal,"Invalid multi-table conversion (Compound(Preselect, Adaptive) instead of Preselect)","",10/06/2014 07:25 AM,0
2420,Bug,New,Low,Fully reproduce QUERY-OFF-END behavior,"",10/15/2014 04:19 PM,0
