Record ID,Survey Identifier,Survey Timestamp,Author First Name,Author Last Name,CEDEP Program,Specify Other Program,Date,Scientific Work Product Type,Specify Other Scientific Work Product Type,Conference Abstract Type,Other Conference Abstract Type,Name of the conference/meeting or publication the work product was accepted to:,Title of work product,Keyword(s),Keyword(s) 1,Keyword(s) 2,Co-author #1,Co-author #2,Co-author #3,Co-author #4,Co-author #5,Co-author #6,Co-author #7,Co-author #8,Co-author #9,Co-author #10,Abstract/Publication Body,Poster,Was your oral presentation a plenary or keynote session?,Slide Deck,Roundtable Materials,Roundtable Materials 1,Roundtable Materials 2,Do you have other presentation materials?,Specify Other Presentation Materials,Upload Other Presentation Materials,Do you have other presentation materials? 1,Specify Other Presentation Materials 1,Upload Other Presentation Materials 1,Complete?
1,,06/01/2023 05:08:11 PM,Jane,Yackley,Wb/Zoo,,01/29/2018 12:00:00 AM,Publication,,,,CDC Morbidity and Mortality Weekly Report,"Legionellosis Outbreak Associated with a Hotel Aquatics Facility - Tennessee, 2017",Legionella,Outbreak,Water,David Sweat,Mary-Margaret A. Fill,Katie Garman,John R. Dunn,,,,,,,Yackley_LegOB_MMWR_published.pdf,,,,,,,false,,,,,,Complete
2,,06/01/2023 05:11:39 PM,Jane,Yackley,FED,,01/15/2018 12:00:00 AM,Publication,,,,Foodborne Pathogens and Disease,Foodborne Disease Outbreaks in the United States: A Historical Overview,Foodborne,Outbreak,History,Timothy Jones,,,,,,,,,,FBD_JonesYackley2017_Published.pdf,,,,,,,false,,,,,,Complete
3,,06/01/2023 05:19:04 PM,Jane,Yackley,FED,,06/18/2017 12:00:00 AM,Conference Abstract,,Oral presentation,,CSTE,"Salmonella Typhimurium Outbreak at a Fire Department Fish Fry Fundraiser, Tennessee, 2016",Salmonella,Enteric,Outbreak,Donald Perry,Steffany Cavallo,Katie Garman,John Dunn,,,,,,,CSTE Fish Fry Abstract v5_Submitted.pdf,,,Firehouse Fish Fry Outbreak_EHMeeting_10.5.2017.pdf,,,,false,,,,,,Complete
4,,06/01/2023 05:24:27 PM,Jane,Yackley,Wb/Zoo,,06/17/2018 12:00:00 AM,Conference Abstract,,Oral presentation,,CSTE,"All Shook Up - A Legionellosis Outbreak at a Graceland Hotel, Tennessee, 2017",Legionella,Outbreak,Water,David Sweat,Katie Garman,Mary-Margaret Fill,John Dunn,,,,,,,CSTE2018_LegionellaSubmission.pdf,,false,LegionellaOB_CSTE_JY_6.8.2018.pdf,,,,false,,,,,,Complete
5,,,Lindsey,Ferraro,FED,,06/19/2022 12:00:00 AM,Conference Abstract,,Poster presentation,,CSTE,Evaluating the Surveillance of Cyclospora as Case Counts Increase,Cyclospora,Surveillance System Evaluation,,Katie Garman,Allison Foster,Marcy McMillian,Mary-Margaret A. Fill,,,,,,,CSTE_Abstract.docx,Cyclo Surv Sys Eval Poster (regular size).pptx,,,,,,false,,,,,,Complete
6,,,Lindsey,Ferraro,FED,,04/26/2022 12:00:00 AM,Conference Abstract,,Poster presentation,,InFORM,Evaluating the Surveillance of Cyclospora as Case Counts Increase,Cyclospora,Surveillance System Evaluation,,Katie Garman,Allison Foster,Marcy McMillian,Mary-Margaret A. Fill,,,,,,,CSTE_Abstract.docx,Cyclo Surv Sys Eval Poster (InFORM size).pptx,,,,,,false,,,,,,Complete
7,,,Lindsey,Ferraro,FED,,06/25/2023 12:00:00 AM,Conference Abstract,,Poster presentation,,CSTE,"Surveillance Trends in Yersinia non-pestis -  Tennessee, 2010-2020",Yersinia,Surveillance Evaluation,,Katie Garman,Mugdha Golwalkar,Marcy McMillian,Mary-Margaret A. Fill,,,,,,,Yersinia abstract_final.docx,Yersinia CSTE Poster.pptx,,,,,,false,,,,,,Complete
8,,06/02/2023 10:12:47 AM,Dilani,Goonewardene,Wb/Zoo,,06/19/2022 12:00:00 AM,Invited oral presentation (national external meeting),,,,CSTE Sunday Workshop: Distilling Down Best Practices and the Latest and Greatest Guidance for Legionnaires' Disease,Public Health Investigations and Best Practices: Tennessee,legionellosis,resources,collaboration,,,,,,,,,,,,,false,LD Workshop Best Practices_June 2022.odp,,,,false,,,,,,Complete
9,,06/02/2023 10:58:06 AM,Jane,Yackley,Wb/Zoo,,04/15/2022 12:00:00 AM,Publication,,,,CDC Morbidity and Mortality Weekly Report,"Translocation of an Anteater (Tamandua tetradactyla) Infected with Rabies from Virginia to Tennessee Resulting in Multiple Human Exposures, 2021",Rabies,Anteater,,Heather N. Grome,Dilani Goonewardene,Mary-Margaret Fill,Timothy Jones,John Dunn,,,,,,mm7115a1-H.pdf,,,,,,,false,,,,,,Complete
10,,06/02/2023 11:07:47 AM,Dilani,Goonewardene,Wb/Zoo,,10/08/2020 12:00:00 AM,Other,Poster,,,Annual TN Emerging Infections Program Scientific Presentation Day,Evaluation of a Legionella Webinar Series for Healthcare Facilities,legionellosis,webinar,healthcare,Jane Yackley,Mary-Margaret Fill,,,,,,,,,Evaluation of a Legionella Webinar Series for Healthcare Facilities.pdf,,,,,,,false,,,,,,Complete
11,,06/03/2023 05:53:03 PM,Kailey,Lewis,FED,,05/26/2023 12:00:00 AM,Publication,,,,MMWR Notes from the Field,"Multistate, Multiserotype Outbreak of Salmonella Infections Linked to Cashew Brie - United States, 2021",,,,Katie Garman,DJ Irving,Steffany Cavallo,John Dunn,,,,,,,"MMWR - May 26, 2023.pdf",,,,,,,false,,,,,,Complete
12,,06/05/2023 01:53:58 PM,Christine,Thomas,FED,,04/28/2023 12:00:00 AM,Publication,,,,MMWR,"Notes from the Field: Shiga Toxin-Producing Escherichia coli O157:H7 Linked to Raw Milk Consumption Associated with a Cow-Share Arrangement - Tennessee, 2022",STEC,Raw Milk,Hemolytic uremic syndrome,Jack Marr,Mugdha Golwalkar,DJ Irving,Kelly Orejuela,Robin Rasnic,Danny Ripley,Brenda Rue,Linda Thomas,Katie Garman,John Dunn,MMWR - STEC Cow-Share.pdf,,,,,,,false,,,,,,Complete
13,,06/06/2023 08:19:41 AM,Michelle,Cascio,SSIP,,05/02/2023 12:00:00 AM,Invited oral presentation (national external meeting),,,,REDCap Public Health Workgroup,REDCAP: Revising Employee Databases- Creating Automated Processes,REDCap,efficiency,processes,,,,,,,,,,,,,true,Revising Employee Databases- creating automated processes.pptx,,,,false,,,,,,Complete
14,,06/06/2023 03:28:09 PM,Christine,Thomas,VPDIP,,01/20/2023 12:00:00 AM,Publication,,,,MMWR,Early and Increased Influenza Activity Among Children,Influenza,Surveillance,,Mary-Margaret Fill,Samir Hanna,Tim Jones,Caitlin Newhouse,Kelly Orejuela,Emma Roth,Sarah Winders,John Dunn,,,Flu MMWR Published.pdf,,,,,,,false,,,,,,Complete
15,,06/06/2023 04:04:47 PM,Mary-Margaret,Fill,SI,,04/24/2023 12:00:00 AM,Invited oral presentation (national external meeting),,,,Preparedness Summit 2023,Preparedness & Response Through A One Health Lens in Tennessee,One Health,Emergency Preparedness,,,,,,,,,,,,,,true,Fill_Plenary Slides_Updated Final_4.21.23.pdf,,,,false,,,,,,Complete
16,,06/07/2023 09:12:51 AM,Kate,Goodin,SSIP,,08/09/2022 12:00:00 AM,Invited oral presentation (national external meeting),,,,International Conference on Emerging Infectious Diseases,Implementation of Data Modernization in Tennessee: A State's Perspective,Data Modernization,Informatics,,,,,,,,,,,,,,false,ICEID 2022 DMI Goodin.pptx,,,,false,,,,,,Complete
17,,06/07/2023 10:09:31 AM,Michelle,Cascio,SSIP,,06/19/2022 12:00:00 AM,Conference Abstract,,Poster presentation,,CSTE,Informatics Data Flow from Positive COVID-19 Report to Public Health Monitoring,COVID-19,Data Flow,Informatics,Katie Garman,Ashley P Keese,Delaney B Lackey,Mary Ellen Travers,Samantha A Mathieson,Caleb Wiedeman,Kate Goodin,Jane Yackley,,,CSTE 2022- Cascio- Informatics Data Flow from Positive COVID-19 Report to Public Health Monitoring.pdf,Cascio- CSTE Data Flow Poster_Final 5.19.22.pdf,,,,,,true,Audio recording of oral poster presentation,CSTE Presentation Recording 2022.m4a,false,,,Complete
19,,06/09/2023 09:55:32 AM,Mugdha,Golwalkar,FED,,06/25/2023 12:00:00 AM,Conference Abstract,,Oral presentation,,CSTE 2023,"An Outbreak of Shiga Toxin-Producing Escherichia coli Associated with a Goat Husbandry Camp - Tennessee, 2022",STEC,Goats,Camp,DJ Irving,Jack Marr,Kelly Orejuela,Danny Ripley,Katie Garman,Robin Rasnic,John Dunn,,,,CSTE_STEC Outbreak_GoatHusbandryCamp_2022_Abstract.pdf,,false,CSTE_2023_GoatCampSTEC.pdf,,,,false,,,,,,Complete
20,,06/16/2023 02:02:17 PM,Nathan,Williams,SSIP,,06/24/2023 12:00:00 AM,Conference Abstract,,Oral presentation,,CSTE Conference,Building a Data Surveillance Process for Electronic Initial Case Reports,eICR,dashboard,,,,,,,,,,,,Abstract.pdf,,false,parserPresentationCSTE.pptx,,,,false,,,,,,Complete
21,,06/20/2023 03:17:32 PM,Judy,Manners,Wb/Zoo,,03/01/2017 12:00:00 AM,Publication,,,,Public Health Foundation Drinking Water Program Improvement,Improving Spring Water Quality with Data and Atypical Partnerships,water wells,Environmental Health,springs,,,,,,,,,,,Tennessee_Improving_Spring_Water_Quality_PHF.pdf,,,,,,,false,,,,,,Complete
22,,06/20/2023 03:28:36 PM,Judy,Manners,Wb/Zoo,,05/22/2017 12:00:00 AM,Invited oral presentation (national external meeting),,,,The Private Well Conference: National Stakeholder Meeting,Springs: what you need to know! Oral Presentation,Spring water,water testing,gastrointestinal illness,,,,,,,,,,,,,true,Tuesday_1045_Manners.pdf,,,,false,,,,,,Complete
23,,06/20/2023 03:38:48 PM,Judy,Manners,Wb/Zoo,,08/14/2017 12:00:00 AM,Publication,,,,"Epidemiology and Infection: 2017 Oct;145(14):2991-2997. doi: 10.1017/S0950268817001790. Epub Aug 14, 2017","Association between wetland presence and incidence of Salmonella enterica serotype Javiana infections in selected US sites, 2005-2011",Salmonella,wetland,GIS,,,,,,,,,,,Huang_sjaviana_Published.pdf,,,,,,,false,,,,,,Complete
24,,06/20/2023 04:53:48 PM,Magdalena,Dorvil-Joanem,COVID,,06/25/2023 12:00:00 AM,Conference Abstract,,Poster presentation,,CSTE 2023 Annual Conference,"Navigating cross sector collaborations for advanced molecular detection during the COVID 19 pandemic: Applications, challenges, opportunities",,,,"Jyoti Narayana, PhD, MPH","Jane Yackley, MPH",,,,,,,,,TDH AC23_Abstract_Final.pdf,TDH APHL 2023 Poster_Final.pdf,,,,,,false,,,,,,Complete
25,,06/21/2023 01:23:42 PM,Judy,Manners,Wb/Zoo,,05/01/2017 12:00:00 AM,Publication,,,,"Journal of Environmental Health, Volume 79, Number 9, May 2017",Cryptosporidiosis Outbreak Associated With a Single Hotel,Cryptospordiosis,swimming pool,water,Mary-Margaret Fill,Katie Garman,Judy Manners,John Dunn,Tim Jones,,,,,,Fill-CryptosporidiosisOutbreakAssociated-2017.pdf,,,,,,,false,,,,,,Complete
26,,06/21/2023 01:39:19 PM,Judy,Manners,Wb/Zoo,,06/01/2017 12:00:00 AM,Publication,,,,"Journal of Environmental Health, Volume 79, Number 10, June 2017","Water Quality Survey of Splash Pads After a Waterborne Salmonellosis Outbreak, Tennessee, 2014",Salmonella,splash pad,water,John Dunn,Tim Jones,,,,,,,,,Water Quality Survey of Splash Pads After a Waterborne Salmonellosis Outbreak Tennessee 2014.pdf,,,,,,,true,Powerpoint,INFORMSlides.pptx,true,Inform Abstract,Clayton_rwi_abs_InFORM.docx,Complete
27,,06/21/2023 01:59:54 PM,Judy,Manners,Wb/Zoo,,06/25/2018 12:00:00 AM,Conference Abstract,,Oral presentation,,NEHA Annual Education Conference,"Working in the Gap: Assessing Private Drinking Water in Tennessee, presentation, Anaheim CA, June 2018",water wells,springs,water quality,,,,,,,,,,,2018_2019 Grantee Meeting Abstract_Final.docx,,false,Working in the Gap2.pptx,,,,false,,,,,,Complete
28,,06/21/2023 02:15:38 PM,Judy,Manners,Wb/Zoo,,07/08/2019 12:00:00 AM,Conference Abstract,,Oral presentation,,NEHA Annual Education Conference,Closing the Gap - Understanding and Improving Private Drinking Water Quality,water wells,drinking water,water quality,,,,,,,,,,,2018_2019 Grantee Meeting Abstract_Final.docx,,false,grantee meeting 2019.pdf,,,,false,,,,,,Complete
29,,06/21/2023 02:30:26 PM,Judy,Manners,Wb/Zoo,,07/08/2019 12:00:00 AM,Conference Abstract,,Oral presentation,,NEHA Annual Education Conference,Environmental Health's Broad Role in Developing a Waterborne Team,waterborne,Environmental Health,program development,Jane Yackley,Mary-Margaret Fill,,,,,,,,,NEHA- Env Health's role in Water_final.docx,,false,Waterborne 2019.pdf,,,,false,,,,,,Complete
30,,06/21/2023 02:40:27 PM,Judy,Manners,Wb/Zoo,,02/09/2022 12:00:00 AM,Invited oral presentation (national external meeting),,,,Astho Common Messaging Standards for Environmental Health Data,Presentation Session: Environmental Health Use Cases,environmental health,data standards,water,,,,,,,,,,,,,false,Astho_EH DATA.pdf,,,,false,,,,,,Complete
31,,06/21/2023 02:55:02 PM,Judy,Manners,Wb/Zoo,,06/27/2022 12:00:00 AM,Conference Abstract,,Oral presentation,,NEHA Annual Education Conference,Tennessee-NEHA Private Well Project,water wells,GIS,population estimates,,,,,,,,,,,TN _Private_Well_Proejct_NEHA AEC June 2022.pdf,,false,TN _Private_Well_Proejct_NEHA AEC June 2022.pdf,,,,false,,,,,,Complete
32,,06/21/2023 03:23:53 PM,Judy,Manners,Wb/Zoo,,06/27/2022 12:00:00 AM,Conference Abstract,,Oral presentation,,NEHA Annual Education Conference,Private Well Workshop,water wells,water quality,,,,,,,,,,,,TN_Private Water Workshop 6_28_22.pdf,,false,TN_Private Water Workshop 6_28_22.pdf,,,,false,,,,,,Complete
33,,06/22/2023 03:18:12 PM,Lindsey,Sizemore,VH,,04/01/2023 12:00:00 AM,Publication,,,,Annals of Epidemiology,Prevalence of hepatitis C virus among fatal drug overdoses in Tennessee: an analysis using 2019-2020 Tennessee State Unintentional Drug Overdose Reporting System Data,hepatitis C,overdose,,Jessica Korona-Bailey,Sarah Riley Saint,Lindsey Sizemore,Heather Wingate,Paula Shoup,Amy Hawes,Sutapa Mukhopadhyay,,,,Annals of Epidemiology.pdf,,,,,,,false,,,,,,Complete
34,,06/22/2023 03:24:13 PM,Lindsey,Sizemore,VH,,06/25/2023 12:00:00 AM,Conference Abstract,,Oral presentation,,CSTE,Examining the Risk of Stillbirth Associated with Sars-Cov-2 Infection during Pregnancy: A Tale of Two States,stillbirth,COVID-19,,Lindsey Sizemore,Heather Wingate,Elizabeth Harvey,Emily Lumley,,,,,,,DRH_Manning_Harvey_ab_Risk of Stillbirth SARS-CoV-2_cleared.pdf,,false,CSTE 2023 COVID Stillbirth Presentation_Shephard.pdf,,,,false,,,,,,Complete
35,,06/22/2023 03:26:35 PM,Lindsey,Sizemore,VH,,06/25/2023 12:00:00 AM,Conference Abstract,,Oral presentation,,CSTE,Routine Hepatitis C Virus Testing and On-Site Linkage to Care Pilot in Two County Detention Facilities in Tennessee,hepatitis C,corrections,navigation,Lindsey Sizemore,Shamia Roberts,Melissa Moon,Pamela Talley,,,,,,,KCDF HCV Testing and Navigation_CSTE Abstract_Submitted.pdf,,false,Routine HCV Testing and On-Site Linkage to Care in County Detention Facilities_CSTE_FINAL_v2.pdf,,,,false,,,,,,Complete
36,,06/22/2023 03:31:41 PM,Lindsey,Sizemore,VH,,06/25/2023 12:00:00 AM,Conference Abstract,,Oral presentation,,CSTE,"Implementation of an Active Surveillance System to Identify In-Hospital Morbidity of People with COVID-19 in Pregnancy during Delta Predominance, Tennessee 2021",active surveillance,COVID-19,,Elizabeth Harvey,Heather Wingate,Ashley Moore,Margaret Major,Emily Lumley,Tobi Amosun,Pamela Talley,Lindsey Sizemore,,,DRH_Harvey_AB_RPC COVID CSTE_CLEARED.pdf,,false,DRH_SL_Harvey_RPC COVID CSTE_20230609_CLEARED.pdf,,,,false,,,,,,Complete
37,,06/22/2023 03:35:33 PM,Lindsey,Sizemore,VH,,06/25/2023 12:00:00 AM,Conference Abstract,,Oral presentation,,CSTE,"Maternal History of Hepatitis C Virus and Risk Factors for Neonatal Abstinence Syndrome among Infants in Tennessee, 2018- 2020",hepatitis C,NAS,substance use disorder,Jennifer Wang,Heather Wingate,Pamela Talley,Janelle Wenstrup,Carolina Clark,Lindsey Sizemore,,,,,HCV and NAS_Submitted.pdf,,false,CSTE2023_NAS_Final_Submission.pdf,,,,false,,,,,,Complete
38,,06/22/2023 03:39:06 PM,Lindsey,Sizemore,VH,,06/25/2023 12:00:00 AM,Conference Abstract,,Oral presentation,,CSTE,"Hepatitis C Virus Care Continuum for the Tennessee Department of Correction Utilizing  Laboratory Reports, 2016-2020",hepatitis C,corrections,care continuum,Paula Shoup,Heather Wingate,Pamela Talley,Lindsey Sizemore,,,,,,,Prison CoC_Abstract_20230104_Final_Submitted.pdf,,false,CSTE_Presentation_Final_06082023.pdf,,,,false,,,,,,Complete
39,,06/23/2023 10:27:14 AM,Grace,Kambach,COVID,,09/28/2022 12:00:00 AM,Conference Abstract,,Poster presentation,,TPHA,COVID-19 Delta and Omicron Hospitalization and Case Fatality in Tennessee,COVID-19,Mortality,COVID Variants,"Sarah Waldo, MPH","Chaitra Subramanya, MPH","Jennifer Jain, RN, MPH","Jane Yackley, MPH","Vanessa Davis, MPH","Jennifer Wang, MPH","Zoe W. Durand, PhD, MPH",,,,TPHA final abstract written.docx,Final TPHA poster.pdf,,,,,,false,,,,,,Complete
41,,06/26/2023 01:33:04 PM,Andrew,Reid,COVID,,09/28/2022 12:00:00 AM,Conference Abstract,,Oral presentation,,Tennessee Public Health Association,Improving Effectiveness and Efficiency of Contact Notification through Automation of Contact Exposure Letters,notification,covid-19,,Claire Robinson,Emily Jookar,Emily Gateley,Jane Yackley,,,,,,,TPHA Poster_final.pdf,,false,TPHA talk.pdf,,,,false,,,,,,Complete
42,,06/27/2023 08:58:40 AM,Emily,Gateley,COVID,,06/09/2023 12:00:00 AM,Publication,,,,MMWR,"Exposures to Mpox Among Cases in Children Aged ≤12 Years - United States, September 25-December 31, 2022",mpox,MMWR,,,,,,,,,,,,"Notes from the Field_ Exposures to Mpox Among Cases in Children Aged ≤12 Years - United States, September 25-December 31, 2022 _ MMWR.pdf",,,,,,,false,,,,,,Complete
43,,06/27/2023 09:32:03 AM,Emily,Gateley,COVID,,03/02/2023 12:00:00 AM,Publication,,,,Emerging Infectious Diseases,"Serial Interval and Incubation Period Estimates of Monkeypox Virus Infection in 12 Jurisdictions, United States, May-August 2022",mpox,EID,Emerging Infectious Diseases,,,,,,,,,,,"Serial Interval and Incubation Period Estimates of Monkeypox Virus Infection in 12 Jurisdictions, United States, May-August 2022.pdf",,,,,,,false,,,,,,Complete
44,,06/30/2023 03:46:17 PM,Jennifer,Wang,COVID,,06/23/2023 12:00:00 AM,Publication,,,,Morbidity and Mortality Weekly Report (MMWR),"Trends in Laboratory-Confirmed SARS-CoV-2 Reinfections and Associated Hospitalizations and Deaths Among Adults Aged ≥18 Years - 18 U.S. Jurisdictions, September 2021-December 2022",,,,Jennifer Wang,Grace Kambach,,,,,,,,,"Trends in Laboratory-Confirmed SARS-CoV-2 Reinfections and Associated Hospitalizations and Deaths Among Adults Aged ≥18 Years - 18 U.S. Jurisdictions, September 2021-December 2022 _ MMWR.pdf",,,,,,,false,,,,,,Complete
45,,07/03/2023 02:33:20 PM,Samir,Hanna,FED,,06/14/2021 12:00:00 AM,Invited oral presentation (national external meeting),,,,"2021 CSTE Conference, NARMS REP Roundtable",REP Strains and Tennessee Collaboration,REP,NARMS,MDR,,,,,,,,,,,,,true,TN Prospective_2021 CSTE NARMS Roundtable_REP Codes.pdf,,,,true,"Improving Public Health Response to Reoccurring, Emerging, and Persisting (REP) Strains of Enteric Bacteria",Improving_Public_Health_Respons_Jared_Reynolds_MPH_2021_CSTE_roundatble_-_REP_stra.pdf,false,,,Complete
46,,07/03/2023 02:58:07 PM,Samir,Hanna,FED,,01/24/2023 12:00:00 AM,Invited oral presentation (national external meeting),,,,2023 InFORM Conference,MDR Salmonella Infantis (REPJFX-01) Linked to Chicken-Tennessee Collaboration,Salmonella,,,,,,,,,,,,,,,true,REPJFX-01_MDR S. Infantis_TN_InForm 2023.pdf,,,,true,Persisting Multidrug-Resistant Salmonella Infantis (REPJFX01),InfantisREP- final (002)_LKFW (002).pdf,false,,,Complete
47,,07/06/2023 08:25:59 AM,Rebecca,Amantia,VH,,05/15/2023 12:00:00 AM,Conference Abstract,,Oral presentation,,NRHA's Health Equity Conference,Ending The Syndemic in Rural Tennessee,Syndemic,Rural,Needs Assessment,Amber Coyne,Abigal Anderson (former TDH intern),,,,,,,,,Health Equity Conference Proposal.docx,,false,Ending The Syndemic in Rural Tennessee_5_14.pdf,,,,false,,,,,,Complete
48,,07/06/2023 08:29:30 AM,Rebecca,Amantia,VH,,05/18/2023 12:00:00 AM,Conference Abstract,,Oral presentation,,STD Engage: Coming Back Stronger,Building Bridges: Tennessee's First Syndemic Needs Assessment,Syndemic,Needs Assessment,Collaboration,Amber Coyne,,,,,,,,,,STD Engage Abstract_2023.pdf,,false,Amantia_STD Engage Presentation_5_18_2023.pdf,,,,false,,,,,,Complete
49,,07/06/2023 10:27:37 AM,Liz,Harris,SI,,06/24/2023 12:00:00 AM,Conference Abstract,,Roundtable,,CSTE 2023 Annual Conference,Addressing the Mental Health Needs of Our Public Health Workforce,Mental Health,Workforce,,,,,,,,,,,,CSTE abstract 2022_23_LH.pdf,,,,CSTE handout_final_LH.pdf,,,false,,,,,,Complete
50,,07/06/2023 02:51:25 PM,Mary-Margaret,Fill,Other,Leadership,06/25/2023 12:00:00 AM,Conference Abstract,,Oral presentation,,CSTE Annual Conference 2023,"Analysis of National Notifiable Disease Reporting Mechanisms - Tennessee, 2022",Surveillance,Informatics,Reportable Diseases,Lindsay Ferraro,,,,,,,,,,Redundant Data CSTE Abstract_Final.pdf,,false,Fill_CSTE Surveillance Presentation_2023.pdf,,,,false,,,,,,Complete
51,,07/07/2023 08:48:16 AM,Caleb,Wiedeman,EP,,09/12/2022 12:00:00 AM,Publication,,,,Journal of the American Medical Informatics Association,Improving efficiency of COVID-19 aggregate case and death surveillance data transmission for jurisdictions: current and future role of application programming interfaces (APIs),COVID-19,API,Reporting,,,,,,,,,,,ocac090.pdf,,,,,,,false,,,,,,Complete
52,,07/07/2023 08:54:35 AM,Caleb,Wiedeman,EP,,12/30/2022 12:00:00 AM,Publication,,,,MMWR,"Demographic and Clinical Characteristics of Mpox in Persons Who Had Previously Received 1 Dose of JYNNEOS Vaccine and in Unvaccinated Persons - 29 U.S. Jurisdictions, May 22-September 3, 2022",Mpox,JYNNEOS,Vaccine,Jacqueline Logan,,,,,,,,,,mm715152a2.pdf,,,,,,,false,,,,,,Complete
53,,07/07/2023 08:57:32 AM,Caleb,Wiedeman,EP,,02/10/2023 12:00:00 AM,Publication,,,,MMWR,"COVID-19 Incidence and Mortality Among Unvaccinated and Vaccinated Persons Aged ≥12 Years by Receipt of Bivalent Booster Doses and Time Since Vaccination - 24 U.S. Jurisdictions, October 3, 2021-December 24, 2022",COVID-19,Vaccine,,Melisse Chasse,,,,,,,,,,mm7206a3.pdf,,,,,,,false,,,,,,Complete
54,,07/07/2023 09:02:00 AM,Caleb,Wiedeman,EP,,06/16/2023 12:00:00 AM,Publication,,,,MMWR,"Notes from the Field: Comparison of COVID-19 Mortality Rates Among Adults Aged ≥65 Years Who Were Unvaccinated and Those Who Received a Bivalent Booster Dose Within the Preceding 6 Months - 20 U.S. Jurisdictions, September 18, 2022-April 1, 2023",COVID-19,Vaccine,,Nadine Rammouni,,,,,,,,,,mm7224a6-H.pdf,,,,,,,false,,,,,,Complete
55,,07/12/2023 12:44:57 PM,Jane,Yackley,Wb/Zoo,,06/01/2019 12:00:00 AM,Conference Abstract,,Oral presentation,,CSTE,"Testing 1-2-3: Benefit of Water Testing during the Investigation of Three Large Waterborne Outbreaks; Tennessee, 2017-2018",Waterborne,Outbreak,Environmental Testing,Judy Manners,Mary-Margaret Fill,John Dunn,,,,,,,,CSTE Abstract_Waterborne Testing_Submitted.pdf,,false,Water Testing CSTE_FINAL.pdf,,,,false,,,,,,Complete
56,,07/12/2023 12:47:27 PM,Jane,Yackley,Wb/Zoo,,07/09/2019 12:00:00 AM,Conference Abstract,,Oral presentation,,NEHA,"Testing 1-2-3: The Utility of Water Testing during Three Large Tennessee Outbreaks, 2017-2018",Waterborne,Outbreak,Environmental Testing,Judy Manners,Mary-Margaret Fill,John Dunn,,,,,,,,NEHA Abstract_Waterborne Testing_9.25.18.pdf,,false,Water Testing NEHA_7.9.19.pdf,,,,false,,,,,,Complete
57,,07/12/2023 12:49:25 PM,Jane,Yackley,Wb/Zoo,,06/04/2019 12:00:00 AM,Conference Abstract,,Roundtable,,CSTE,Environmental Health's Broad Role in Developing a Waterborne Team,Environmental Health,Waterborne,,Judy Manners,Mary-Margaret Fill,,,,,,,,,CSTE Roundtable_Environmental Health.pdf,,,,,,,false,,,,,,Complete
58,,07/20/2023 10:21:57 AM,Heather,Wingate,VH,,08/14/2023 12:00:00 AM,Conference Abstract,,Poster presentation,,National Birth Defects Prevention Network 2023 Conference,"Hepatitis C Virus in Pregnancy and Infant Birth Defect Outcomes among Live Births, Tennessee 2016-2019",hepatitis C,birth defects,,,,,,,,,,,,BD and HCV NBDPN Abstract.pdf,NBDPN poster HWingate.pdf,,,,,,false,,,,,,Complete
59,,07/24/2023 08:26:47 AM,Simone,Godwin,HAI,,06/25/2023 12:00:00 AM,Conference Abstract,,Oral presentation,,CSTE,"Evaluating Racial Disparities in Central Line Associated Bloodstream Infections for Tennessee Hospitals, 2018-2021",Bloodstream Infections,Health Disparities,,Erika Kirtz,Christopher Wilson,,,,,,,,,CLABSI Disparities CSTE.pdf,,false,CSTE CLABSI Disparities_forupload.pdf,,,,false,,,,,,Complete
60,,07/24/2023 02:10:16 PM,Erin,Hitchingham,HAI,,06/25/2023 12:00:00 AM,Conference Abstract,,Poster presentation,,CSTE,Comparison of Clinical Antibiotic Susceptibility Testing (AST) Interpretations to the Clinical and Laboratory Standards Institute (CSLI) Standard Interpretations,Antibiotics,CRE,Susceptibility,Ashley Gambrell,Raquel Villegas,Daniel Muleta,,,,,,,,CLSI CSTE.pdf,CLSI_Poster final.pdf,,,,,,false,,,,,,Complete
61,,07/24/2023 02:27:19 PM,Ashley,Gambrell,HAI,,06/25/2023 12:00:00 AM,Conference Abstract,,Poster presentation,,CSTE,"Factors Associated with High Influenza Vaccination amongst Healthcare Workers in Tennessee Acute Care Hospitals, 2014 - 2022",Healthcare Workers,Influenza,Vaccination,Katherine Witcher,Raquel Villegas,Christopher Wilson,Simone Godwin,,,,,,,Factors associated with meeting HHS Benchmark for Influenza Vaccination amongst Healthcare Workers.pdf,CSTE HCP Influenza Vaccinations Poster.pdf,,,,,,false,,,,,,Complete
62,,07/28/2023 04:15:39 PM,Lindsey,Ferraro,FED,,07/20/2023 12:00:00 AM,Publication,,,,CDC Morbidity and Mortality Weekly Report,"Notes from the Field: An Outbreak of Shiga Toxin-Producing Escherichia coli O157:H7 Associated with a Farming Camp - Tennessee, 2022",STEC,Outbreak,Goat,DJ Irving,Jack Marr,Kelly Orejuela,Erin Murray,Mugdha Golwalkar,Julie Viruez,Robin Rasnic,Katie Garman,John Dunn,,MMWR_STEC_FarmingCamp.pdf,,,,,,,false,,,,,,Complete
63,,08/01/2023 09:05:52 AM,Miranda,Smith,SSIP,,06/26/2023 12:00:00 AM,Conference Abstract,,Oral presentation,,CSTE,In-House Tableau Training Program,Tableau,Training,Workforce-Development,,,,,,,,,,,Abstract Submission_01.05.2023.pdf,,false,Paper_18571_presentation_1590_0.pdf,,,,false,,,,,,Complete
64,,09/22/2023 10:21:55 AM,Michelle,Cascio,SSIP,,09/10/2023 12:00:00 AM,Invited oral presentation (national external meeting),,,,REDCap Con 2023,Fundamentals: Improving the Survey Participant Experience,REDCap,Survey,User Interface,,,,,,,,,,,,,false,Fundamentals_Improving the Survey Participant Experience.pdf,,,,false,,,,,,Complete
65,,09/22/2023 10:23:10 AM,Michelle,Cascio,SSIP,,09/10/2023 12:00:00 AM,Invited oral presentation (national external meeting),,,,REDCap Con 2023,Complex Projects Using Base REDCap,REDCap,creative use,workaround,,,,,,,,,,,,,false,Complex projects using base REDCap.pdf,,,,false,,,,,,Complete
66,,11/09/2023 07:56:46 AM,Laurie,Maurer,HIV,,11/02/2023 12:00:00 AM,Publication,,,,AIDS,Characterizing residential mobility among people living with HIV in Tennessee and its impact on HIV care outcomes,Residential mobility,Retention,Viral suppression,,,,,,,,,,,characterizing_residential_mobility_among_people_AIDS_2023.pdf,,,,,,,false,,,,,,Complete
67,,12/11/2023 10:52:37 AM,Dilani,Goonewardene,Wb/Zoo,,10/18/2023 12:00:00 AM,Invited oral presentation (national external meeting),,,,Annual TN Emerging Infections Program Scientific Presentation Day,Healthcare-Associated Legionellosis Investigations: Lessons and Opportunities,legionellosis,healthcare-associated,,Jane Yackley,,,,,,,,,,,,false,EIP - Healthcare-Associated Legionellosis Investigations- Lessons and Opportunities_JY.pdf,,,,false,,,,,,Complete
68,,01/11/2024 01:50:33 PM,Kelly,Orejuela,FED,,01/29/2023 12:00:00 AM,Invited oral presentation (national external meeting),,,,InFORM 2024,False Positive Shigella Cases at a Long-Term Care Facility Identified by a Urine Culture-Independent Test,Enteric,Shigella,Outbreak,Jack Marr,Mugdha Golwalkar,Marcy McMillian,Katie Garman,,,,,,,,,false,False Positive Shigella Cases at a Long-Term Care FINAL.pptx,,,,false,,,,,,Complete
69,,01/12/2024 01:20:28 PM,Paul,Petersen,EP,,09/21/2023 12:00:00 AM,Publication,,,,Health Security,Reimagining Incident Management Systems for Public Health Responses,ICS,Response,Public Health,,,,,,,,,,,Reimaging Icident Management Systems for Public Health Responses_HSJ_V21_Supp1_Sept 2023.pdf,,,,,,,false,,,,,,Complete
70,,01/12/2024 01:25:53 PM,Paul,Petersen,EP,,08/01/2023 12:00:00 AM,Publication,,,,Journal of Emergency Management,Unresolved mental health trauma: The languishing of public safety and public health professionals,Mental health,public health,responders,,,,,,,,,,,Unresolved mental health trauma_ The languishing of public safety and public health professionals.pdf,,,,,,,true,2024 Preparedness Summit Presentation Abstract Accepted,Broken_An Arduous Road for Responder Safety and Mental Health.docx,false,,,Complete
71,,01/17/2024 08:46:17 AM,Allison,Foster,FED,,01/21/2024 12:00:00 AM,Conference Abstract,,Poster presentation,,2024 InFORM Conference,"Identification of Spatiotemporal Clusters of Yersiniosis in Tennessee, 2010-2020",,,,Marcy McMillian,Katie Garman,Kelly Orejuela,John Dunn,,,,,,,InFORM Draft Abstract_FINAL.pdf,InFORM 2024 Poster Yersinia.pdf,,,,,,false,,,,,,Complete
72,,01/18/2024 03:44:02 PM,Lindsey,Ferraro,SI,,01/21/2024 12:00:00 AM,Conference Abstract,,Oral presentation,,InFORM,"Analysis of Foodborne and Enteric National Notifiable Disease Reporting Mechanisms - Tennessee, 2022",reportable conditions,DMI,,Katie Garman,Mary-Margaret Fill,,,,,,,,,InFORM Redundant Data_Draft2.docx,,false,InFORM 2024 Presentation.pptx,,,,false,,,,,,Complete
73,,01/19/2024 09:11:39 AM,Kelly,Orejuela,FED,,01/22/2024 12:00:00 AM,Conference Abstract,,Poster presentation,,InFORM 2024,"Visualizing Trends in Historical Salmonella Serotypes, Allele Codes, and Reoccurring, Emerging, and Persisting (REP) Strains in Tennessee Using Whole Genome Sequencing Data, 2014 - 2021",Salmonella,Tableau,,"Jack Marr, MPH","Mugdha Golwalkar, MPH","Katie Garman, MPH",",  John R. Dunn, DVM, PhD EMBA",,,,,,,InFORM2024 - Salmonella Serotype Allele Code and REP Code Dashboards JRD.docx,InFORM Salmonella Allele Code Poster.pdf,,,,,,false,,,,,,Complete
74,,01/19/2024 03:37:24 PM,Jack,Marr,FED,,01/21/2024 12:00:00 AM,Conference Abstract,,Oral presentation,,InForm,Data Visualization of National Antimicrobial Resistance Monitoring System for Enteric Bacteria Tennessee 2010-2019,Foodborne,AMR,Data Visualization,Samir Hanna,Mugdha Golwalkar,Katie Garman,John Dunn,,,,,,,NARMS InForm 2024 Abstract FINAL.docx,,false,2023 Inform JMarr_Data Visualization of National Antimicrobial Resistance Monitoring System for Enteric Bacteria Tennessee 2010-2019 V2.pptx,,,,false,,,,,,Complete
75,,01/19/2024 03:54:56 PM,Danny,Ripley,FED,,01/23/2024 12:00:00 AM,Invited oral presentation (national external meeting),,,,2024 InFORM,Environmental Sampling During Foodborne and Enteric Disease Outbreak Investigations:  A Tennessee Perspective,Environmental,Sampling,Assessment,,,,,,,,,,,,,false,InFORM 2024 DC TN ENV Sampling.pptx,,,,false,,,,,,Complete
76,,01/25/2024 08:29:54 AM,Claire,Umstead,FED,,01/21/2024 12:00:00 AM,Conference Abstract,,Poster presentation,,InFORM (Integrated Foodborne Outbreak Response and Management),"Evaluation of Tennessee's Cholera and Vibrio Surveillance System for Simplicity, Sensitivity, Timeliness, and Data Quality",Vibrio,Surveillance System Evaluation,COVIS,"Samir Hanna, MD, MSPH","Katie Garman, MPH","Mary-Margaret Fill, MD, MPH",,,,,,,,COVIS_Surveillance Eval_InFORM 2024.pdf,COVIS Surv Sys Eval Poster (InFORM size).pdf,,,,,,false,,,,,,Complete
77,,01/26/2024 12:52:52 PM,Mugdha,Golwalkar,FED,,01/20/2024 12:00:00 AM,Invited oral presentation (national external meeting),,,,InFORM,Complaint-Based Outbreaks: Identification and Initial Response,Enterics,Environmental Health,Outbreak investigation,,,,,,,,,,,,,false,2024 InFORM MN_TNSunday Session_mg.pptx,,,,false,,,,,,Complete
78,,01/26/2024 12:56:58 PM,Mugdha,Golwalkar,FED,,01/21/2024 12:00:00 AM,Conference Abstract,,Poster presentation,,InFORM,"Evaluation of Foodborne Diseases Centers for Outbreak Response Enhancement (FoodCORE)  Interview Team Response Success in Tennessee, 2018-2023",Enterics,Case interviewing,,DJ Irving,Katie Garman,,,,,,,,,InFORM2024_FoodCORE Response Evaluation_FINAL.docx,2024 InFORM FoodCORE Eval Poster.pptx,,,,,,false,,,,,,Complete
79,,01/26/2024 01:03:15 PM,Mugdha,Golwalkar,FED,,01/23/2024 12:00:00 AM,Conference Abstract,,Oral presentation,,InFORM,Developing a Coordinated Process for Requesting Third-Party Delivery Application Data During Foodborne Outbreak Investigations,Outbreak investigation,Epidemiological Methods,Case-Control Studies,,,,,,,,,,,InFORM2024_Third Party Delivery Apps Abstract_FINAL.pdf,,false,InForm 2024 TPD_Final.pptx,,,,false,,,,,,Complete
80,,01/31/2024 08:12:58 AM,Emily,Kack,FED,,01/22/2024 12:00:00 AM,Conference Abstract,,Poster presentation,,inFORM 2024,Tennessee's Integrated Food Safety Center Of Excellence: A Partnership Between Public Health and Academia---A Decade of Progress,,,,Siobhan Dodds,Katie Garman,John Dunn,,,,,,,,TN IFS CoE Inform Abstract FINAL.docx,TN CoE InFORM Poster (2).pdf,,,,,,false,,,,,,Complete
