Risk,Alternate Name,Lay Language,Revised
Abdominal Cramps,,"Stomach cramps, pain in the abdomen due to cramping",2/19/2015 11:17
Abdominal Distention,,"Feeling of fullness and tightness in the abdomen, bloating",2/10/2015 17:30
Abnormal Glomerular filtration rate,Abnormal GFR,"An abnormal kidney function test which may indicate that your kidneys are not working properly. When the kidneys do not work properly, wastes can build up in your blood, leading to swelling in the arms and legs, tiredness and weakness. This could become severe, requiring hospitalization and dialysis to clean the wastes out of your blood. If the wastes are not removed from your blood, this could cause seizures and be life threatening.",2/27/2015 13:31
Abnormal Kidney Function Test,,"Abnormal kidney function tests, which means the kidneys aren   t working properly. When the kidneys do not work properly, wastes can build up in your blood, leading to swelling in the arms and legs, tiredness and weakness. This could become severe, requiring hospitalization and dialysis to clean the wastes out of your blood. If the wastes are not removed from your blood, this could cause seizures and be life threatening.",2/27/2015 13:52
Abnormal Liver Function Test,"increased liver enzyme, Abnormal LFT","Abnormally high levels of enzymes produced by the liver meaning that your liver is not functioning properly and can cause fatigue, and jaundice (yellowing of the skin and eyes). Although this is usually mild and reversible, this can be serious or life threatening.",2/27/2015 13:51
Acneiform Rash,,Acne; pimples,2/10/2015 17:30
ACTH deficiency,,"Abnormal production of the hormone that stimulates the adrenal gland. This can result in fatigue, low blood pressure, low sugar levels in the blood (hypoglycemia) and low stress tolerance. This can be a serious and life threatening condition requiring medical intervention.",2/10/2015 17:30
Acute cholecystitis,,"Gall stones, which may cause upper abdominal pain and require hospitalization and surgery",2/10/2015 17:30
Acute Kidney Failure,"kidney failure, renal failure","Kidney failure which is when both of your kidneys fail and your body holds fluid which can be serious or life threatening. Your blood pressure rises and harmful wastes build up in your body. You may experience fatigue, nausea, and loss of appetite. When this happens, you need treatment to replace the work of your failed kidneys such as dialysis.",2/10/2015 17:30
Acute Neuropathy,,"Acute pain on eating something cold, breathing cold air, or touching something cold. There may be a sensation of the throat closing. This occurs shortly after the study treatment is given and disappears within days.",2/10/2015 17:30
Acute Phase Response,,"A reaction in which certain proteins in the body are increased as a result of inflammation. This may cause flu like symptoms with fever, occasionally swelling, and rarely damage to body organs",2/10/2015 17:30
acute renal failure,"kidney failure, renal failure","Kidney failure which is when both of your kidneys fail and your body holds fluid which can be serious or life threatening. Your blood pressure rises and harmful wastes build up in your body. You may experience fatigue, nausea, and loss of appetite. When this happens, you need treatment to replace the work of your failed kidneys such as dialysis.",2/10/2015 17:30
Acute vascular leak syndrome,,Condition in which fluid leaks out of tiny blood vessels and may cause low blood pressure.,2/10/2015 17:30
Adenopathy,lymph node changes,Swollen lymph nodes,2/27/2015 13:53
ADH secretion abnormality,"SIADH, low ADH",Abnormal production of the hormone that regulates salt and fluid excretion. Excess ADH causes water retention and decreased sodium levels in the blood. Insufficient ADH causes excessive urination and dehydration.,2/27/2015 13:33
Adrenal Suppression,,"Decreased production of steroids by the body, which may cause weakness, confusion, fatigue, listlessness, low blood pressure, dizziness, weight loss, and loss of appetite. May also cause abdominal cramps, nausea, vomiting and diarrhea and changes in electrolytes (body salts). Symptoms may be worse at times of stress, such as high fevers, infection, surgery or a serious accident. If your adrenal glands do not produce enough hormones, you will need to take oral medications to replace the hormones",2/27/2015 13:33
Adult Respiratory Distress Syndrome,ARDS,Severe life-threatening damage to the lungs which can lead to fluid in the lungs and difficulty breathing which may require assistance with breathing,2/27/2015 13:24
Alcohol Intolerance Syndrome,,Unwanted reaction to drinking alcohol,5/26/2016 11:20
alkaline phosphatase,ALK PHOS,"Elevation of alkaline phosphatase, an enzyme of liver and bone, might indicate damage to liver or bone. You may experience no symptoms related to this abnormal laboaratory finding.",2/10/2015 17:30
Alkalosis,,Condition where the blood pH (a measure of how acidic or basic something is) is too basic. May manifest through mental stupor &amp; require treatment and/or hospitalization.,2/10/2015 17:30
Allergic Reaction,"hypersensitivity reaction, infusion reaction","Allergic reaction that may include a rash, hives, fever, difficulty breathing, and low blood pressure. Although usually reversible with treatment, it can be severe or life threatening.",5/26/2016 11:20
Allergic rhinitis,,Inflammation of the nasal passageway due to allergies. This generally causes a stuffy or runny nose and sneezing.,2/10/2015 17:30
Alopecia,,Hairloss,2/10/2015 17:30
Altered mental state,,Not thinking clearly,2/10/2015 17:30
Anaphylaxis,allergic reaction,"Allergic reaction that may include a rash, hives, fever, difficulty breathing, and low blood pressure. Although usually reversible with treatment, it can be severe or life threatening.",5/26/2016 10:58
Anasarca,,"Build up of fluid throughout the whole body, which occurs in severely ill people.",2/10/2015 17:30
Anemia,,Low number of red blood cells that can causes tiredness and shortness of breath. May require a blood transfusion.,2/10/2015 17:30
Angina,,Pain in the chest which may radiate to the jaw or arm resulting from insufficient blood to the heart. This is serious and should lead one to seek immediate medical attention.,2/10/2015 17:30
Angioedema,edema,"Swelling that happens just below the surface of the skin, most often around the lips and eyes. When you have an allergic reaction, your body produces histamine, which causes blood vessels to swell. Angioedema is a deeper swelling.",2/10/2015 17:30
Anorexia,,Loss of appetite and weight loss,2/10/2015 17:30
Anxiety,,Anxiety,2/11/2015 16:03
"aorta, vessel injury-artery",,Damage to the main blood vessel that carries blood from the heart,2/10/2015 17:30
Aplastic anemia,,"A disorder caused by decreased production of red blood cells, white blood cells and platelets which may cause anemia, infection and bleeding. This may be serious or life-threatening without treatment.",2/10/2015 17:30
Apnea,,Breathing suddenly stops,2/10/2015 17:30
arachnoiditis,"meningismus, radiculitis",Inflammation of the linings of the brain which may cause a headache.,2/19/2015 14:12
areolar deformity,breast nipple deformity,Deformed nipple,2/27/2015 14:22
Arrhythmia,abnormal heartbeat,Any change from the normal heartbeat (abnormal heartbeat) which may be serious or life-threatening.,5/26/2016 11:08
Arterial thrombosis,,Blood clot in an artery that blocks the artery. This could be serious and life threatening.,2/10/2015 17:30
Arthralgia,,Joint pain,2/10/2015 17:30
Ascites,,"Build up of fluid in the abdomen, which causes bloating and discomfort. This could require that the fluid be removed by a procedure called paracentesis",2/10/2015 17:30
aspiration,,Accidental breathing in of food or fluid into the lungs,2/10/2015 17:30
Asthenia,,Feeling weak and having no energy,2/10/2015 17:30
Asthma,,A lung disease associated with tightening of the air passages,2/10/2015 17:30
Asystole,cardiac arrest,"Sudden, unexpected stopping of the heart. This is serious and life-threaning.",2/10/2015 17:30
Ataxia,,"Loss of muscle coordination including awkward, unsteady walking",2/10/2015 17:30
Atelectasis,,Small areas of collapsed lung which may cause no sypmtoms,2/10/2015 17:30
Atrial fibrillation,afib,Irregular heartbeat that is rapid,5/12/2016 15:00
Atrial flutter,,Irregular heartbeat that is rapid,5/12/2016 14:49
"Atrophy, skin",,Thinning of skin,2/10/2015 17:30
"atrophy, subcutaneous fat",,Loss of fat under the skin,2/10/2015 17:30
autoimmune enteritis,autoimmune reaction,"This is when your immune system attacks normal cells in your body, including the cells that line your digestive tract. This may result in bleeding and inflammation of the esophagus, bowel (intestines), and lower GI tract (colon), diarrhea and perforations (holes). Hospitalization and treatment with medications (steroids) may be necessary. This can become severe and life-threatening and may require surgical removal of parts of the intestines or colon. These surgical procedures might result in your having a stoma (hole) though which digested food passes.",2/19/2015 14:09
autoimmune reaction,autoimmune enteritis,"Condition where the body's immune system attacks normal tissues which could result in damage to the organs such as skin, colon or intestinal tract, liver and endocrine organs such as thyroid or adrenal glands.",2/19/2015 14:10
AV Block-First degree,,Irregular heartbeat that is slow due to impaired electrical conduction across the heart.,5/12/2016 15:01
AV Block-Second degree Mobitz Type I (Wenckebach),,Irregular heartbeat that is slow due to impaired electrical conduction across the heart.,5/12/2016 15:01
AV Block-Second degree Mobitz Type II,,Irregular heartbeat that is slow due to impaired electrical conduction across the heart.,5/12/2016 15:01
AV Block-Third degree (Complete AV block),,Irregular heartbeat that is slow due to impaired electrical conduction across the heart.,5/12/2016 15:02
Back pain,,Back pain,12/7/2015 14:31
Balance Disturbance,,Difficulty with balancing,5/26/2016 13:53
Bladder spasms,,Painful bladder cramps,2/10/2015 17:30
Bleeding in the Lungs,,Bleeding in the lungs. May manifest via coughing up blood. Can be serious or life threatening.,2/10/2015 17:30
Blisters on the skin,,Blisters on the skin,5/26/2016 13:03
Blood clots,,Blood clots can form leading to swelling in the arms and legs. These clots can travel to the lungs causing shortness of breath or to the brain causing a stroke. This may be serious or life threatening.,2/10/2015 17:30
Bone age alteration,,Irregular bone growth or development,2/10/2015 17:30
Bone marrow cellularity (decreased),,Fewer cells than normal in the spongy middle part of the bone (marrow) where blood cells are made,2/10/2015 17:30
Bowel perforation,,"Bowel perforation (a hole in the intestines) that could result in a serious, life-threatening infection and may require surgery",5/23/2016 14:03
Brachial plexopathy,,Impairment of nerves that affect the arm and hand which might also cause pain.,2/10/2015 17:30
Bradyarrhthmias,,Slow irregular heartbeat,5/12/2016 15:02
Bradycardia,,"Slow heart rate which can cause dizziness, fainting and tiredness.",2/10/2015 17:30
Brain stem edema,,"Accumulation of fluid (swelling) around the brain stem, this can be serious or life threatening.",2/10/2015 17:30
"Bronchospasm, wheezing",,Breathing distress caused by narrowing of the airways,2/10/2015 17:30
carbon monoxide diffusion capacity (DL(co)),,Decreased ability of lung to absorb and eliminate gases,2/10/2015 17:30
Carcinogenic,Secondary Cancer,The study treatment may cause you to develop another type of cancer.  This usually occurs years after treatment for the first cancer.,5/23/2016 14:00
Cardiac arrest,heart attack,Decreased blood flow to part of the heart causing damage to the heart muscle.  This may be serious or life threatening.,5/23/2016 13:33
Cardiac effusion,pericardial effusion,Collection of fluid around the heart which may cause a life threatening condition where the heart is unable to pump correctly due to the external pressure. This may require medical intervention to drain the fluid and remove the pressure.,2/10/2015 17:30
Cardiac infarction,heart attack,Decreased blood flow to part of the heart causing damage to the heart muscle.  This may be serious or life threatening.,5/23/2016 13:35
Cardiac ischemia,heart attack,Decreased blood flow to part of the heart causing damage to the heart muscle.  This may be serious or life threatening.,5/23/2016 13:35
Cardiac toxicity,Heart Damage,Damage to the heart,5/26/2016 13:54
Cardiac troponin I (cTnI),,Blood test to check for heart damage.,2/10/2015 17:30
Cardiac troponin T (cTnT),,Blood test to check for heart damage.,2/10/2015 17:30
cardiomyopathy,,Heart muscle becomes damaged and the heart doesn   t pump properly which can lead to heart failure,2/10/2015 17:30
Cardiopulmonary arrest,"asystole, cardiac arrest, circulatory arrest",Sudden stopping of the heart and lungs. This is life-threatening without medical intervention.,2/10/2015 17:30
cardiotoxicity,,"Heart problems (including shortness of breath, congestive heart failure, lower leg swelling, decreased heart function) often reversible, but may be permanent.",2/10/2015 17:30
carotid - vessel injury-artery,,Damage to a blood vessel in the neck,2/10/2015 17:30
Cataract,,Condition in which the lens of the eye becomes cloudy. Surgical intervention may be required.,2/10/2015 17:30
Cellulitis,Infection,"The study treatment may cause an increased risk of infection, such as cellulitis (an infection of the skin).  A low number of white blood cells may increase the risk of infection.  It may become life-threatening.  Symptoms of infection may include fever, pain, redness, and/or difficulty breathing.",5/23/2016 14:07
cerebral trauma,,Damage to the brain,2/10/2015 17:30
cerebrospinal fluid leak,CSF,Leak of cerebrospinal fluid,2/10/2015 17:30
Changes in ECG,,Changes to the electrical activity of the heart. These can be mild and not require treatment or may be serious and require intervention.,2/10/2015 17:30
Changes in heart rhythm,,The heart may beat too fast or too slow.,5/12/2016 15:09
changes in taste,taste disorder,Strange taste in the mouth.,2/19/2015 14:08
Cheilitis,,Sores or irritation and cracking of the corners of the mouth or lips,2/10/2015 17:30
chemoradiation rash,,"Redness, flaking or sloughing of skin in the radiation treatment area",2/10/2015 17:30
Cholangitis,Infection,"The study treatment may cause an increased risk of infection, such as cholangitis (an infection of the bile duct).  A low number of white blood cells may increase the risk of infection.  It may become life-threatening.  Symptoms of infection may include fever, pain, redness, and/or difficulty breathing.",5/23/2016 14:09
Cholecystitis,Infection,"The study treatment may cause an increased risk of infection, such as cholecystitis (an infection of the gallbladder).  A low number of white blood cells may increase the risk of infection.  It may become life-threatening.  Symptoms of infection may include fever, pain, redness, and/or difficulty breathing.",5/23/2016 14:10
chronic neuropathy,,"Numbness, tingling, and pain in the fingers and toes. This occurs after a few treatments of study treatment and usually improves when the drug is stopped. This may be permanent.",2/10/2015 17:30
Chyle or lymph leakage,,Leakage of lymph fluid,2/10/2015 17:30
chylothorax,,Leakage of milky lymph fliud into the space around the lungs,2/10/2015 17:30
Cirrhosis,,"A chronic condition where the liver functions poorly leading to fatigue, weakness, fluid retention in the abdomen and other complications.",2/10/2015 17:30
CN I Smell,,Abnormal function of the nerve responsible for the sense of smell,2/10/2015 17:30
CN II Vision,,Abnormal function of the nerve responsible for sight,2/10/2015 17:30
"CN III Pupil, upper eyelid, extra ocular movements",,Abnormal function of the nerve that is responsible for movement of the eyelid and for control of the size of the pupil,2/10/2015 17:30
"CN IV Downward, inward movement of eye",,Abnormal function of the nerve that is responsible for controlling movement of the eye,2/10/2015 17:30
"CN IX Motor-pharynx; Sensory-ear, pharynx, tongue",,Abnormal function of the nerve responsible for swallowing and taste,2/10/2015 17:30
CN V Motor-jaw muscles; Sensory-facial,,Abnormal function of the nerve responsible for feeling in the face and control of the muscles for chewing,2/10/2015 17:30
CN VI Lateral deviation of eye,,Abnormal function of the nerve responsible for moving the eye to the side,2/10/2015 17:30
CN VII Motor-face; Sensory-taste,,Abnormal function of the nerve that controls facial expression,2/10/2015 17:30
CN VIII Hearing and balance,,Abnormal function of the nerve responsible for hearing and balance,2/10/2015 17:30
"CN X Motor-palate; pharynx, larynx",,"Abnormal function of the nerve that serves the stomach, heart, and voice box",2/27/2015 14:03
CN XI Motor-sternomastoid and trapezius,,Abnormal function of the nerve responsible for movement of the shoulders and turning of the head,2/10/2015 17:30
CN XII Motor-tongue,,Abnormal function of the nerve that is responsible for movement of the tongue,2/10/2015 17:30
CNS cerebrovascular ischemia,Stroke,Decrease in blood flow to the brain that can lead to a stroke.,2/10/2015 17:30
CNS Hemorrhage,,Bleeding in the brain,2/10/2015 17:30
CNS necrosis,cystic progression,Breakdown or death of brain tissue,2/27/2015 13:35
cognitive disturbance,,"Mental status changes, including memory loss and impaired thinking",2/10/2015 17:30
colitis,,Inflammation of the colon,2/10/2015 17:30
Colitis,Infection of the Colon,"Colon infection, which may cause stomach pain, weight loss, fatigue, diarrhea and bloody stools",5/23/2016 14:43
Coma,,Unconscious state,2/10/2015 17:30
Conduction abnormality NOS,,Irregular heartbeat,5/12/2016 15:02
confusional state,,Confusion,2/10/2015 17:30
Conjunctiva,Infection,Infection of the lining of the inner surface of the eyelid and the eyeball,5/23/2016 14:44
Conjunctivitis,,Irritation and redness of the thin membrane covering the eye,2/10/2015 17:30
Constipation,,Difficulty passing stool,2/10/2015 17:30
Coronary heart disease,CHD,"Coronary heart disease (CHD) is a common form of heart diesase which can lead to heart failure. CHD causes a waxy substance called plaque to build up inside the arteries of the heart. These arteries supply oxygen-rich blood to your heart muscle making them difficult to function. Over time plaque build up in these arteries can harden or break apart reducing the flow of oxygen-rich blood to the heart. This may cause the formation of a blood clot, chest pain or a heart attack.",2/10/2015 17:30
Cough,,Cough,2/11/2015 16:03
CPK,creatine phosphokinase,Increased blood level of enzyme from muscle,2/10/2015 17:30
Creatinine,,"Increased blood level of creatinine, a substance normally eliminated by the kidneys into the urine. This may mean that your kidneys are not functioning properly.",2/10/2015 17:30
Cushingoid appearance,,A change in body appearance due to high levels of steroid hormone,2/10/2015 17:30
CVA,cerebrovascular accident,Stroke,2/10/2015 17:30
Cystitis,Infection,"The study treatment may cause an increased risk of infection, such as cystitis (an infection of the bladder).  A low number of white blood cells may increase the risk of infection.  It may become life-threatening.  Symptoms of infection may include fever, pain, redness, and/or difficulty breathing.",5/23/2016 14:45
Cytokine release syndrome,acute infusion reaction,"A group of symptoms caused by release of chemicals from tumor cells during the infusion. This can include nausea, headache, rapid heartbeat, shortness of breath, kidney damage, and rash. It can be life threatening and may be reversible.",2/10/2015 17:30
Decreased CD4 count,Decreased white blood cells,"Decrease in the number of a type of white blood cell important in fighting infections. If this should occur, this might lead to the occurrence of serious infections.  Symptoms of infection may include fever, pain, redness, and/or difficulty breathing.",5/23/2016 14:46
decubitus ulcer,skin breakdown,Skin sores,2/19/2015 13:56
Dehydration,,"Dehydration. If severe it may require medication, IV fluids and possibly hospitalization.",5/12/2016 14:59
delayed puberty,,Delayed puberty,2/27/2015 14:32
Depression,,Depression,2/11/2015 16:03
dermal change lymphedema,phlebolymphedema,Irreversible swelling as a result of blocked lymph flow that can significantly impact your quality of life.,2/27/2015 14:32
Dermatitis,Rash,"Skin irritation, rash",2/27/2015 14:33
Desquamation,Rash,Rash flaking or sloughing of skin,2/19/2015 13:48
Diaphoresis,,Abnormal sweating,2/10/2015 17:30
Diarrhea,,"Diarrhea, which is frequent, loose watery stools, which can cause dehydration and may require hospitalization and treatment with intravenous fluids. Severe and prolonged diarrhea can be life-threatening.",2/10/2015 17:30
Disseminated Intravascular Coagulation,DIC,A condition that is associated with uncontrolled clotting and bleeding in the body that can cause serious bleeding and organ damage. This can be serious and life threatening.,2/27/2015 14:33
distal parathesias,,"Numbness and tingling in arms, hands, legs or feet.",3/11/2016 13:18
Dizziness,,Dizziness,2/10/2015 17:30
Drowsiness,,Fatigue,2/10/2015 17:30
Dry eye syndrome,,Dry eye,2/10/2015 17:30
Dry Skin,,Dry Skin and itchiness,5/26/2016 13:55
DVT,deep venous thrombosis,"Blood clot formed in the veins of the leg which may manifest as a dull ache or heaviness in the limb. If the clot moves to other organs, it can be serious or life threatening.",2/10/2015 17:30
Dysarthria,"hoarseness, loss or alteration in voice, laryngitis voice changes",,2/11/2015 16:03
dysgeusia,,Taste changes which may affect the way foods normally taste,2/10/2015 17:30
dyspepsia,,Heartburn,2/10/2015 17:30
dysphagia,,Difficulty swallowing,2/10/2015 17:30
dyspnea,,Shortness of breath,2/10/2015 17:30
Dysuria,,Painful or difficult urination,2/11/2015 16:03
Edema,,Build up of fluid in the body or extremities causing swelling.,2/10/2015 17:30
Ejaculatory dysfunction,,Inability to ejaculate (release semen through the penis during orgasm),2/10/2015 17:30
electrolyte imbalance,electrolyte disturbance,"Changes in electrolytes (body salts) which usually do not cause any symptoms but that can sometimes cause fatigue, muscle weakness, cramping, rigidity, irregular heartbeat, or seizures. This can be severe and possibly life threatening. This could require hospitalization and intravenous treatment.",5/12/2016 15:03
"Elevated lipase, amylase",,"May indicate inflammation of the pancreas, which could result in abdominal pain and discomfort and could require hospitalization and intravenous treatment.",2/10/2015 17:30
"Elevated PTT, INR",,"Tests that measure how long it takes the blood to clot. If these tests are elevated, it means that your blood isn   t clotting normally and you have an increased risk of bleeding or bruising. This could be serious and life threatening and may require hospitalization and a blood transfusion.",2/10/2015 17:30
Elevated uric acid levels,,"Which may worsen kidney function; cause joint pain (gout) and kidney stones. May cause kidney failure, which may be reversible",2/10/2015 17:30
embolism,thrombus,Formation or presence of a blood clot inside a blood vessel.,2/10/2015 17:30
encephalitis,Infection,Infection in the brain,5/23/2016 14:46
encephalomyelitis,Infection,Infection in the brain and spinal cord,5/23/2016 14:46
encephalopathy,,Condition of the brain that severely alters thinking and may affect conciousness that can be serious or life threatening.,2/10/2015 17:30
endocarditis,Infection,Infection of the heart,5/23/2016 14:47
enteritis,,Inflammation of the small bowel,2/10/2015 17:30
epiphora,watery eye,Tearing,2/27/2015 14:34
epistaxis,,Bloody nose,2/10/2015 17:30
erectile dysfunction,,Inability to have an erection of the penis adequate for sexual intercourse. Also called impotence.,2/10/2015 17:30
erythema,,Redness of the skin,2/10/2015 17:30
erythema multiforme,"Stevens-Johnson Syndrome, Toxic Epidermal Necrolysis, TEN","Severe skin and stomach lining reaction that may include rash and sloughing or breakdown of tissue. This may manifest as various blisters, hives, and other lesions in various locations on the body including palms and soles, face &amp; other extremities. This is serious and may be life threatening.",2/27/2015 15:21
esophagitis,,"Inflammation, irritation or swelling of the esophagus, the tube that leads from the back of the mouth to the stomach.",2/10/2015 17:30
euphoria,,Exaggerated feeling of well being,2/10/2015 17:30
Exostosis,,Irregular outgrowth of bone,2/10/2015 17:30
extrapyramidal disorder,"involuntary movement, restlessness, extrapyramidal syndrome",Restless movements caused by abnormalties in the part of the brain that coordinates movement,2/27/2015 14:16
Extravasation,Extravasate,To leak out of the vein during an infusion or injection. This may cause serious damage to local tissues.,5/26/2016 11:06
extremity-lower - Vessel injury-artery,,Damage to a blood vessel in a leg,2/10/2015 17:30
extremity-lower - Vessel injury-vein,,Damage to a blood vessel that carries blood back from legs,2/10/2015 17:30
extremity-upper - Vessel injury-artery,,Damage to a blood vessel in the arm,2/10/2015 17:30
extremity-upper - vessel injury-vein,,Damage to a blood vessel in the arm,2/10/2015 17:30
eyelid dysfunction,,Abnormal eyelid function,2/10/2015 17:30
Fatigue,,"Feeling tired, tiredness, weakness.",2/10/2015 17:30
Febrile neutropenia,"Febrile neutropenia (fever of unknown origin without clinically or microbiologically documented infection)(ANC &lt;1.0 x 10e9/L, fever &gt;=38.5 degrees C)",Fever with dangerously low white blood cell count,5/23/2016 14:49
Feminization of male,,The development of female physical characteristics in males,2/10/2015 17:30
"femoral head, slipped capital femoral epiphysis",,Irregular hip joint growth or damage,2/10/2015 17:30
FEV(1),,Decreased volume of air that the lungs can hold,2/10/2015 17:30
Fibrillation,,Irregular beat of the heart or other muscle,2/10/2015 17:30
fibrinogen,,Abnormal amount of blood protein needed for blood clotting,2/10/2015 17:30
fibrosis,,Scar or thickening,2/10/2015 17:30
Fistula,,"An abnormal connection between two different organs. This side effect may lead to life-threatening complications including serious infections, bleeding or dysfunction of the organs.",5/23/2016 14:49
Flatulence,,Too much gas passed from the rectum,2/10/2015 17:30
Fluid in lungs,,"Fluid in the lungs which can cause shortness of breath. If severe, it may require hospitalization and treatment. It can be serious or life threatening.",2/10/2015 17:30
Flushing,,Sudden reddening of the face and/or neck,2/10/2015 17:30
fracture,,A broken bone,2/10/2015 17:30
Functional obstruction of bowel,neuroconstipation,"Abnormally slow bowel contraction which can feel like constipation (sometimes severe) and may cause pain, nausea and vomiting",2/10/2015 17:30
Gamma-Glutamyl transpeptidase,GGT,Abnormal blood level of liver enzyme,2/27/2015 14:27
Gastritis,,Inflammation of the lining of the stomach,2/10/2015 17:30
Gastrointestinal Stricture,Gastrointestinal Stenosis,Abnormal narrowing of the gastrointestinal tract which may require hospitalization and surgery,2/27/2015 14:43
generalized weakness,,Muscle weakness of the whole body,2/10/2015 17:30
GI perforation,"bowel perforation, gastrointestinal performation","Bowel perforation (a hole in the intestines) that could result in a serious, life-threatening infection and may require surgery.",2/27/2015 14:26
Gingivitis,Infection,Infection of the mouth,5/23/2016 14:49
Glaucoma,,High pressure within the eyeball possibly leading to blindness. May require medical intervention to prevent visual impairment.,2/10/2015 17:30
Glomerular filtration rate,,A kidney function test to assess whether or not your kidneys are functioning properly.,2/10/2015 17:30
Gonadotropin secretion abnormality,,"Abnormal sex hormone production. In pre-menopausal women, underproduction of these hormones may cause menstrual periods to stop (amenorrhea), infertility and vaginal dryness. In men, underproduction of these hormones may result in decreased sperm production and consequent infertility.",2/10/2015 17:30
Graft Versus Host Disease,"GvHD, GVHD","This is a condition in which immune cells from the donor   s tissue attack your organs. The risk of severe GVHD depends on the type of BMT (bone marrow transplant) or SCT (stem cell transplant) and the quality(how closely) the patient and donor cells match. There are acute and chronic forms of GVHD. Acute GVHD usually affects the skin, intestines, and liver and may start one week to three months after transplant. Chronic GVHD begins later and can affect these organs as well as the lung, mucous membranes and/or other organs. Both of these can require treatment and be serious or life threatening.",2/27/2015 14:27
Growth hormone secretion abnormality,,Abnormal growth hormone (GH) production. Excess GH can lead to overgrowth of extremities in adults and abnormally rapid (but otherwise normal) growth in children. Insufficient production of GH can cause stunted growth in children. May require hormone replacement or supression therapy.,2/10/2015 17:30
Guillain-Barre syndrome,,"A disorder in which the body   s immune system attacks part of the peripheral nervous system. Symptoms of this disorder include varying degrees of weakness or tingling sensations in the legs. In many instances, the weakness and abnormal sensations spread to the arms and upper body. These symptoms can increase in intensity until certain muscles cannot be used at all and, when severe, the patient is almost totally paralyzed. In these cases, the disorder is life threatening, potentially interfering with breathing and, at times, with blood pressure or heart rate.",3/15/2017 7:55
gum hyperplasia,,Thickened gums,2/10/2015 17:30
Gynecomastia,breast change,Enlarged breasts in males,2/27/2015 14:34
Hand-foot skin reaction,,"Hand-foot skin reaction including numbness, tingling, redness, swelling, pain and/or discomfort of the hands or feet that may affect daily activiites",2/10/2015 17:30
Haptoglobin (decreased),,Low levels of a blood protein called haptoglobin. This occurs when red cells are being destroyed and is associated with anemia which might require treatment.,2/10/2015 17:30
Headache,,Pain in the head,2/10/2015 17:30
heart failure,"decreased heart function, damage to heart muscle","The heart is not able to pump blood properly, which can cause weakness and tiredness, fluid retention, and fluid build-up in the lungs, which can cause shortness of breath.",2/10/2015 17:30
heart palpitations,,Fast and hard heartbeat,5/12/2016 15:04
hematoma,,"A bruise, a black and blue mark",2/10/2015 17:30
hematuria,,Blood in the urine,2/10/2015 17:30
hemoglobin (decreased),,Anemia with decrease in a part of red blood cells that carries oxygen in the body,2/10/2015 17:30
Hemolysis,"immune hemolytic anemia, drug-related hemolysis",Breakdown in red blood cells that leads to anemia.,3/31/2015 13:05
Hemolytic Uremic Syndrome,HUS,"This is a condition associated with decrease in red cells, platelets and kidney function. This may cause high blood pressure or swelling of the face, hands, feet, or the entire body. This can progress to acute kidney failure which can be life threatening.",2/27/2015 14:28
hemophagocytic lymphohistocytic-like syndrome,hemophagocytic lymphohistocytic syndrome,"A disorder caused by suppression of your body   s immune, or defense, system, causing white blood cells to attack other blood cells. This serious and life-threatening disease may be manifested by fever, enlargement of your liver, and swollen lymph nodes. Severe bone marrow and blood changes can be serious and life threatening.",4/23/2015 11:19
Hemoptysis,,Vomiting or coughing up blood,2/10/2015 17:30
Hemorrhagic cystitis,,Inflammation of the bladder with severe bleeding,2/10/2015 17:30
hepatic enlargement,,Enlarged liver,2/10/2015 17:30
hepatic failure,liver failure,"Liver problems or failure which can cause fatigue, and jaundice (yellowing of the skin and eyes). Although this is usually mild and reversible, this can be serious or life threatening and may require hospitalization and surgery.",2/10/2015 17:30
herpes meningoencephalitis,"herpes, infection","The study treatment may cause an increased risk of infection, such as herpes meningoencephalitis. The layers of thin tissue that cover your brain are called meninges and an infection in these tissues is called meningitis. When your brain becomes inflamed or infected, the problem is called encephalitis. If both the meninges and the brain appear to be involved, the condition is called meningoencephalitis. Symptoms of herpes meningoencephalitis include headache, fever, neck stiffness, sensitivity to light, seizures, trouble thinking clearly, personality changes, unusual behavior and/or unconsciousness. This infection may become life-threatening and in severe cases cause long-term brain damage including trouble thinking, controlling movement, hearing, seeing, or speaking. This infection is usually treated with IV anti-viral medication but in severe cases long-term care and medications would be needed.",2/10/2015 17:30
hiccoughs,,Hiccups,2/10/2015 17:30
Hot flashes,"hot flushes, flushing",Hot flashes,2/19/2015 14:06
Hydrocephalus,,The abnormal buildup of cerebrospinal fluid in the ventricles of the brain which may cause confusion and loss of conciousness.,2/10/2015 17:30
Hyper-parathyroidism,,"Increased production of the hormone responsible for regulating bone minerals. May cause bones to become more fragile, muscular weakness and generally reduced muscle tone.",2/10/2015 17:30
Hyperbilirubinemia,,"Abnormally high levels of bilirubin in the blood. (Bilirubin is a bile pigment produced by the liver which is normally and continually excreted from the body) This may indicate that too many red blood cells are being destroyed, or that the liver or gallbladder is not functioning properly.",2/10/2015 17:30
Hypercalcemia,,High blood calcium level,2/10/2015 17:30
Hypercholesteremia,,Increased blood cholesterol level,2/10/2015 17:30
Hyperglycemia,"High Blood Sugar, Diabetes","Excess sugar in the blood, if severe may require hospitalization and urgent treatment. (diabetes)",2/10/2015 17:30
Hyperkalemia,High Potassium,"High levels of potassium in the blood, which can usually be treated but if severe can cause the heart to stop beating. This can be very serious and life threatening.",2/10/2015 17:30
Hyperkeratosis,,"Thickening of the skin, nails.",2/10/2015 17:30
Hypermagnesemia,,Increased blood magnesium level which may indicate that follow up with a doctor is required,2/10/2015 17:30
Hypernatremia,,High blood sodium level,2/10/2015 17:30
Hyperpigmentation,,Darkening of the skin,2/10/2015 17:30
Hyperpyrexia,,"High body temperature, a fever.",2/10/2015 17:30
Hypertension,,High blood pressure,2/10/2015 17:30
Hyperthyroidism,,"May cause weight loss, rapid heartbeat, sweating, trouble with heat, nervousness. May require medical intervention to resolve symptoms.",2/10/2015 17:30
Hypertriglyceridemia,,Increased blood level of a form of fat called triglyceride,2/10/2015 17:30
Hyperuricemia,,"Excess amount of uric acid in the blood, (gout), which can cause pain in the joints as well as decrease kidney function.",2/10/2015 17:30
Hypo-parathyroidism,,"Decreased production of the hormone responsible for regulating bone minerals. May cause convulsions and tetany, wheezing, muscle cramps &amp; blurred vision due to cataracts.",2/10/2015 17:30
Hypoalbuminemia,,Low levels of a blood protein called albumin. This can cause generalized swelling (edema).,2/10/2015 17:30
Hypocalcemia,,"Decreased blood calcium level that usually does not cause any symptoms but when severe can cause muscle twitching and/or contractions, abnormal heartbeat or seizures.",5/12/2016 15:04
Hypoglycemia,Low blood sugar,"Abnormal decrease in sugar in the blood, which can cause weakness, fatigue, and if severe, can cause loss of consciousness.",2/19/2015 14:05
Hypokalemia,Low Potassium,"Low levels of potassium in the blood, which can cause an abnormal heart rate. This could cause an irregular heartbeat, which can be serious and life threatening.",5/12/2016 15:05
Hypomagnesemia,,Low levels of magnesium in the blood (Hypomagnesemia) which could cause weakness and muscle cramping. Rarely heart rhythm abnormalities may occur. To treat this you may need to get either oral or intravenous magnesium to replace these levels.,2/10/2015 17:30
Hypomagnesium,,"Low levels of magnesium in the blood, which could cause weakness and muscle cramping",2/10/2015 17:30
Hyponatremia,,"Decreased levels of sodium in the blood, which can cause confusion, seizures, fatigue and low levels of consciousness.",2/10/2015 17:30
Hypophosphatemia,,"Low phosphate, which may result in muscle weakness, bone pain, confusion and muscle breakdown",2/10/2015 17:30
hypopigmentation,vitiligo,Patches of the skin turn lighter than the surrounding skin,2/10/2015 17:30
hypoplasia,decreased breast volume,Decreased size of breast tissue,2/27/2015 14:29
Hypotension,,"Low blood pressure, which may cause dizziness, lightheadedness or fainting.",2/10/2015 17:30
Hypothermia,,Abnormally low body temperature,2/10/2015 17:30
Hypoxia,,"Low oxygen level, which may cause shortness of breath, confusion or drowsiness",2/10/2015 17:30
idioventricular rhythm,,Irregular heartbeat,5/12/2016 15:05
Immune-Related Side Effects,Immunotherapy Side Effects,"Immune-related side effects that have been seen in participants treated with immunotherapy?s including:?Inflammation of the eyes that can cause eye redness, eye pain, light sensitivity, blurred vision, decreased vision or floating spots in your vision?Inflammation of the pituitary gland that may cause low blood sugar, dehydration, weakness, or dizziness?Overactive thyroid gland activity that may lead to feeling tired, weakness, muscle aches, anxiety, weight loss, or intolerance to heat?Inflammation of the liver that may cause nausea, feeling tired, abdominal pain, a yellowish hue to your skin or eyes, or darkness of your urine?Inflammation of the pancreas that may cause high levels of an enzyme in the blood called lipase; this may be accompanied by nausea, vomiting and abdominal pain",3/2/2016 9:51
"incontinence, anal",,Loss of bowel control,2/10/2015 17:30
"Incontinence, urinary",,Inability to hold urine in the bladder,2/10/2015 17:30
Induration,,Hardening,2/10/2015 17:30
Induration,Fibrosis,Hardening of the skin and connective tissues,2/27/2015 14:29
infarct,,Death of tissue because of lack of blood supply,2/10/2015 17:30
Infection,,"A low number of white blood cells may increase the risk of infection.  It may become life-threatening.  Symptoms of infection may include fever, pain, redness, and/or difficulty breathing.",5/23/2016 14:51
infertility,,Inability to have children,2/27/2015 14:40
Inflammation,,"Swelling which is generally painful, red, and warm",2/10/2015 17:30
inflammation of the brain,,"Inflammation of the brain, which may cause neurological damage including confusion, hallucinations, difficulty walking or using arms",2/10/2015 17:30
Inflammation of the kidney,Inflammation of the kidney,"Inflammation of the kidney which may cause you to pass less urine, have cloudy urine, have blood in your urine, have swelling and lower back pain.",12/8/2015 8:39
Inflammation of the large intestine,,Inflammation of the large intestine which may cause stomach pain with loose or watery stools.,12/7/2015 15:07
Inflammation of the liver - Viral Reaction,Inflammation of the liver,"Inflammation of the liver due to reactivation of a virus which may cause you to feel not hungry, tired, have a mild fever, muscle or joint aches, nausea and vomiting, and stomach pain.  This may be serious or life-threatening.",5/26/2016 11:25
Inflammation of the lungs,inflammation of the lungs,Inflammation of the lungs which may cause shortness of breath and cough.,12/8/2015 8:22
Inflammation of the pituitary gland,Inflammation of the pituitary gland,"Inflammation of the pituitary gland which may cause headaches, change in eyesight, few to no menstrual cycles (for women), increased thirst, and increased frequency passing urine.",12/8/2015 8:34
Infusion Reaction,Allergic Reaction,"Infusion reaction, including dizziness or fainting (low blood pressure), flushing, rash, fever, shortness of breath or sick to your stomach, or pain at the site of infusion.  Although usually reversible with treatment, it can be severe or life threatening.",5/26/2016 11:23
Injection Site Reaction - Major,Possible Allergic Reaction,"A reaction at the site where an injection (shot) was given, which may cause some redness and swelling.  Notify your clinical team if you see this happen to you.",5/26/2016 11:05
Injection Site Reaction - Minor,Minor Reaction,"A reaction at the site where an injection (shot) was given, which may cause some redness and swelling.",5/26/2016 11:04
Insomnia,,Difficulty sleeping or falling asleep; unable to sleep,2/10/2015 17:30
internal hemorrhage,,Bleeding internally which may require hospitalization and surgery,2/10/2015 17:30
Intestinal Obstruction,"GI blockage, Gastrointestinal blockage","Blockage of the intestine or bowel which can cause nausea, vomiting, and abdominal pain. It may be serious or life-threatening and may require hospitalization and surgery.",5/26/2016 11:29
intra-operative or postoperative hemorrhage,bleeding associated with surgery,Abnormal bleeding during or after an operation,2/27/2015 14:28
iron overload,,Organ failure that results from excessive accumulation of iron in the body.,2/10/2015 17:30
Irregular menses,,Irregular menstrual periods,2/10/2015 17:30
Ischemia,,Decreased oxygen in a tissue (usually because of decreased blood flow),2/10/2015 17:30
IVC,,Damage to large blood vessel that carries blood to the heart,2/10/2015 17:30
Joint-effusion,,Fluid in joint,2/10/2015 17:30
jugular - vessel injury-vein,,Damage to a blood vessel in the neck,2/10/2015 17:30
keratitis,,"Inflammation of the cornea of the eye. Eye pain, tearing and sensitivity to light are common symptoms.",2/10/2015 17:30
Kidney Cysts,Cyst,Kidney Cysts,5/26/2016 11:13
kidney failure,renal failure,"Kidney failure, which is when both of your kidneys fail and your body holds fluid which can be serious or life threatening. Your blood pressure rises and harmful wastes build up in your body. You may experience fatigue, nausea, and loss of appetite. When this happens, you need treatment to replace the work of your failed kidneys such as dialysis.",2/10/2015 17:30
lactation problem,breast function problem,Change in ability to produce milk from breasts,2/27/2015 13:47
large blood vessel injury-vein,,Damage to large blood vessel that carries blood into the heart,2/10/2015 17:30
laryngeal nerve dysfunction,,Vocal cord damage or paralysis,2/10/2015 17:30
larynx edema,swollen larynx,Swelling of the voice box,2/27/2015 14:24
Latent Diabetes Mellitus,,A mild form of diabetes in which there are no obvious symptoms,2/10/2015 17:30
Left ventricular diastolic dysfunction,,Decrease in heart's ability to pump blood. This may be serious or life threatening.,2/10/2015 17:30
Left ventricular systolic dysfunction,,Decrease in heart's ability to pump blood. This may be serious or life threatening.,2/10/2015 17:30
lethargy,,Sleepiness,2/10/2015 17:30
Leukocytes decreased,Total WBC decreased,"Decreased total number of white blood cells. This increases the risk of infection, which may be serious or life threatening.",2/27/2015 13:47
Leukopenia,,"Condition in which the number of white blood cells circulating in the blood is abnormally low. This increases the risk of infection, which may be serious or life threatening.",5/23/2016 15:21
libido decrease,,Decrease in sexual desire or drive,2/10/2015 17:30
limb length discrepancy,,Difference in arm or leg length,2/10/2015 17:30
limited lumbar spine range of motion,,Stiff lower back,2/27/2015 13:50
liver damage,hepatic damage,"Liver damage which can cause fatigue, and jaundice (yellowing of the skin and eyes). Although this is usually mild and reversible, this can be serious or life threatening and may require hospitalization and surgery.",2/27/2015 13:48
Liver failure,hepatic failure,"Liver problems or failure which can cause fatigue, and jaundice (yellowing of the skin and eyes). Although this is usually mild and reversible, this can be serious or life threatening and may require hospitalization and surgery.",2/10/2015 17:30
low thyroid function,hypothyroidism,"May cause fatigue, weight gain, fluid retention, sensitivity to cold &amp; mental apathy. Can be serious or life threatening.",2/10/2015 17:30
Low white blood cell count,"Low WBC, weakened immune system","Condition in which the number of white blood cells circulating in the blood is abnormally low. This increases the risk of infection, which may be serious or life threatening.",2/27/2015 13:49
Lymphedema-related fibrosis,,Tissue scarring from long-term lymph flow blockage,2/10/2015 17:30
Lymphocele,,An abnormal collection of lymph fluid,2/10/2015 17:30
Lymphoma,Secondary Cancer,"The study treatment may cause you to develop another type of cancer such as Lymphoma,  a cancer of the lymph nodes (or tissues).  This usually occurs years after treatment for the first cancer.",5/23/2016 13:53
Lymphopenia,,Decreased number of a type of white blood cells. This is associated with an increased risk of infection.,2/10/2015 17:30
Malabsorption,,Poor absorption of food,2/10/2015 17:30
malaise,,"A vague feeling of bodily discomfort, feeling bad",2/10/2015 17:30
Masculinization of female,,The development of male physical characteristics in females,2/10/2015 17:30
Memory impairment,,Memory impairment,2/10/2015 17:30
Meningitis,Brain and Spinal Cord Infection,"The study treatment may cause an increased risk of infection, such as Meningitis, an infection of the connective tissue surrounding the brain and spinal cord that occurs when the white blood cell count is low.  An infection may occur anywhere and it may become life-threatening.  A low number of white blood cells may increase the risk of infection.  General symptoms of infection may include fever, pain, redness, and/or difficulty breathing.",5/23/2016 15:31
Mental status,,Changes in mental status,2/10/2015 17:30
metabolic acidosis,hyperchloremia nonanion gap,There is a build up of acid in the body. This can lead to a decreased function in a number of organs. This can be serious and life threatening.,2/10/2015 17:30
Microangiopathic hemolytic anemia,MAHA,"Microangiopathic hemolytic anemia (MAHA) is a subtype of hemolytic anemia which is the abnormal breakdown of red blood cells. Some of the signs and symptoms of MAHA incude high fever, rash, severe thrombocytopenia, severe anemia, and high blood bilirubin levels.",2/10/2015 17:30
microangiopathic hemolytic anemia with thrombocytopenia,MAHA,"Microangiopathic hemolytic anemia (MAHA) is a subtype of hemolytic anemia which is the abnormal breakdown of red blood cells. Some of the signs and symptoms of MAHA incude high fever, rash, severe thrombocytopenia, severe anemia, and high blood bilirubin levels.",2/10/2015 17:30
migraine,,Persistant headache,2/10/2015 17:30
mucositis,stomatits,"Sores in the mouth and esophagus, which may be painful and cause difficulty swallowing.",2/27/2015 13:42
muscularskeletal hypoplasia,,Irregular development of muscle or bone,2/27/2015 14:25
myalgia,muscle pain,"Muscle spasams, body aches",5/26/2016 13:30
Myelitis,Spinal Cord Infection,"The study treatment may cause an increased risk of infection, such as an infection of the spinal cord, which may cause numbness or muscle weakness.  An infection may occur anywhere and it may become life-threatening.  A low number of white blood cells may increase the risk of infection.  General symptoms of an infection may include fever, pain, redness, and/or difficulty breathing.",5/23/2016 15:21
myelodysplasia,,Decreased ability of bone marrow to make blood cells.,2/10/2015 17:30
Myocardial infarction (MI),"MI, Heart Attack",Decreased blood flow to part of the heart causing damage to the heart muscle.  This may be serious or life threatening.,5/23/2016 13:36
Myocarditis,Heart Infection,"Inflammation of the heart muscle, usually caused by infection. May be serious and require hospitalization.",5/23/2016 15:28
Myositis,,Muscle inflammation,2/10/2015 17:30
Myositis,Muscle Infection,"The study treatment may cause an increased risk of infection, such as myositis (an infection of the muscle).  A low number of white blood cells may increase the risk of infection.  It may become life-threatening.  Symptoms of infection may include fever, pain, redness, and/or difficulty breathing.",5/23/2016 15:19
nail disorder,,"Changes in color and thickness, darkening of the nail bed, thickening, shedding",2/10/2015 17:30
nasal congestion,,Stuffy nose,2/10/2015 17:30
nasal septum perforation,,Cartilage separating the nostrils may develop a hole,2/10/2015 17:30
nausea,,Feeling sick to the stomach,2/10/2015 17:30
necrosis,,Death of tissue,2/10/2015 17:30
Necrosis - GI,,Death of tissue in the gastrointestinal tract which may require hospitalization and surgery,2/10/2015 17:30
Neuroblastoma,Secondary Cancer,"The study treatment may cause you to develop another type of cancer such as Neuroblastoma,  a cancer of the nerve tissue.  This usually occurs years after treatment for the first cancer.",5/23/2016 14:01
neurologic deficits,,"A neurologic deficit is a decrease in the function of the brain, spinal cord, muscles, and/or nerves. Neurologic deficits include inability to speak, decreased sensation, loss of balance, weakness, dificulty thinking, visual changes, abnormal reflexes, and problems walking.",2/10/2015 17:30
neuropathy,general neuropathy,"A condition affecting the nerves supplying the arms and legs. Typically, the feet and hands are involved first. If sensory nerves are involved, numbness, tingling, and pain are felt, and if motor nerves are involved you will experience weakness.",2/10/2015 17:30
neuropathy: motor,,Weakness or loss of muscle function caused by damage to nerves,2/10/2015 17:30
neuropathy: sensory,,"Condition of the nervous system that causes numbness, tingling, burning.",2/10/2015 17:30
Neutropenia,infection,"Condition in which the number of white blood cells called neutrophils are abnormally low. This increases the risk of infection, which may be serious or life threatening.  Symptoms of infection may include fever, pain, redness, and/or difficulty breathing.",5/23/2016 14:54
Neutrophils / Granulocytes,"ANC, AGC","Decreased number of a specific type of white blood cells. This increases the risk of infection, which may be serious or life threatening.  Symptoms of infection may include fever, pain, redness, and/or difficulty breathing.",5/23/2016 14:54
nodal / junctional,,Irregular heartbeat,5/12/2016 15:05
Nosocomial,Hospital acquired infection,"The study treatment may cause an increased risk of infection. An infection may occur anywhere and it may become life-threatening. A low number of white blood cells may increase the risk of infection.  Symptoms of infection may include fever, pain, redness, and/or difficulty breathing.",5/23/2016 15:19
nyctalopia,,Night blindness,2/10/2015 17:30
nystagmus,,"Rapid, jerky movements of the eye",2/10/2015 17:30
obesity,,Significantly more body fat than normal.,2/10/2015 17:30
ocular surface disease,,Damage to the surface of the eye,2/10/2015 17:30
ophthalmoplegia diplopia,diplopia,Double vision,2/10/2015 17:30
Opportunistic infection with lymphopenia,Infection,"The study treatment may cause an increased risk of an opportunistic infection (an infection caused by an organism that usually does not cause illness, but does so when the immune response or resistance to infection is impaired).  A low number of white blood cells (lymphopenia) may increase the risk of infection.  It may become life-threatening.  Symptoms of infection may include fever, pain, redness, and/or difficulty breathing.",5/23/2016 15:00
Opportunistic infections,Infection,"An infection caused by an organism that usually does not cause illness, but does so when a person   s immune response (resistance) to infection is impaired. A low number of white blood cells may increase the risk of infection.  Symptoms of infection may include fever, pain, redness, and/or difficulty breathing.",5/23/2016 15:01
optic disc edema,,Swelling of the nerve in the back of the eye which is responsible for vision,2/10/2015 17:30
Oral Thrush,Infection,"Fungal infection in the mouth  The study treatment may cause an increased risk of infection, such as oral thrush (a fungal infection in the mouth).  A low number of white blood cells may increase the risk of infection.  It may become life-threatening.  Symptoms of infection may include fever, pain, redness, and/or difficulty breathing.",5/23/2016 15:03
ostealgia,,Bone pain,2/10/2015 17:30
Osteomyelitis,Infection,"The study treatment may cause an increased risk of infection, such as osteomyelitis (an infection of the bone).  A low number of white blood cells may increase the risk of infection.  It may become life-threatening.  Symptoms of infection may include fever, pain, redness, and/or difficulty breathing.",5/23/2016 15:04
osteopetrosis,,Rare bone disorder characterized by dense bone,2/10/2015 17:30
osteoporosis,,Bone disorder characterized by loss of bone leading to increased risk of fracture,2/10/2015 17:30
Otitis Externa,Outer Ear Infection,"The study treatment may cause an increased risk of an outer ear infection.  A low number of white blood cells may increase the risk of infection.  It may become life-threatening.  Symptoms of infection may include fever, pain, redness, and/or difficulty breathing.",5/23/2016 15:22
Otitis Media,Middle Ear Infection,"The study treatment may cause an increased risk of an middle ear infection.  A low number of white blood cells may increase the risk of infection.  It may become life-threatening.  Symptoms of infection may include fever, pain, redness, and/or difficulty breathing.",5/23/2016 15:21
"Otitis, external ear (non-infectious)",,Inflammation of the ear canal,2/10/2015 17:30
"otitis, middle ear (non-infectious)",,"Fluid in the middle ear that can cause pain, general hearing loss, fever, irritability, headache, anorexia &amp; vomiting.",2/10/2015 17:30
ovarian cysts,,Fluid-filled lump in the ovary,2/10/2015 17:30
Pain,,Pain,5/23/2016 12:58
Palm and sole reaction,hand and foot reaction,"Redness, pain or peeling of palms and soles.",5/26/2016 13:36
palpitations,,Fast and hard heartbeat,5/12/2016 15:05
"pancreas, exocrine enzyme deficiency",,Decrease in enzymes from the pancreas that help digest food,2/10/2015 17:30
Pancreatitis,inflammation of the pancreas,"Inflammation of the pancreas causing pain in the upper abdomen. This could become severe and cause nausea and vomiting, fever and rapid heart rate. This could require hospitalization and may be life threatening.",2/20/2015 14:19
Pancytopenia,,"Abnormal decrease in the levels of all type of blood cells. This is associated with anemia, decreased platelets, and decreased white blood cells. This can lead to fatigue, increased risk of bleeding, and/or increased risk of infection. This may be serious or life threatening.",5/23/2016 15:07
paranasal sinus reactions,nasal cavity reactions,Abnormal reactions in the nose and sinuses,2/27/2015 14:25
Paroxysmal Atrial Tachycardia,atrial tachycardia,Irregular fast heartbeat,5/12/2016 15:06
pericardial effusion,"cardiac effusion, non-malignant pericardial effusion",Collection of fluid around the heart which may cause a life threatening condition where the heart is unable to pump correctly due to the external pressure. This may require medical intervention to drain the fluid and remove the pressure.,2/10/2015 17:30
pericarditis,,"Inflammation of the sac around the heart. May manifest as chest pain that varies with each breath. Pain often increases when lying down and decreases upon sitting up. Fever, cough, and palpitations are common as well. This may be serious and require medical intervention.",2/10/2015 17:30
Periodontal disease,,Gum disease,2/10/2015 17:30
peripheral arterial ischemia,,Disorder of arteries causing inadequate blood supply to extremities.,2/10/2015 17:30
Peristomal,Infection,"The study treatment may cause an increased risk of an infection around an ostomy site or surgical opening into the skin.  A low number of white blood cells may increase the risk of infection.  It may become life-threatening.  Symptoms of infection may include fever, pain, redness, and/or difficulty breathing.",5/23/2016 15:09
Petechiae,purpura,Very small broken blood vessels in skin or lining of the mouth which may result in bleeding,2/20/2015 14:20
phantom pain,pain associated with missing limb,Painful feeling of arm or leg that has been amputated,2/27/2015 13:26
phlebitis,,Irritation or inflammation of a vein,2/10/2015 17:30
phlebolymphatic cording,,Lumps and clots in the lymph vessels that drain through lymph nodes,2/10/2015 17:30
photosensitivity,,Increased sensitivity to sunlight,2/10/2015 17:30
phrenic nerve dysfunction,,Impaired movement of the muscle between the chest and belly caused by damage to the nerve controlling that muscle.,2/10/2015 17:30
Pink Urine,,Pink Urine,5/23/2016 12:58
platelet count decreased,,Decreased number of blood cells that help to clot blood. This is associated with an increased risk of bleeding.,2/10/2015 17:30
Pleura Empyema,Infection,"The study treatment may cause an increased risk of an infection of the membranes that line the chest cavity and cover the lungs,  An infection may occur anywhere and it may become life-threatening. A low number of white blood cells may increase the risk of infection.  Symptoms of infection may include fever, pain, redness, and/or difficulty breathing.",5/23/2016 15:12
pleural effusion,,"Collection of fluid around the lungs in the chest cavity, which can cause shortness of breath and may require treatment.",2/10/2015 17:30
Pneumocystis Pneumonia,Lung Infection,Pneumocystis pneumonia is a lung infection that can occur in the setting of a suppressed immune system as a result of treatment with chemotherapy or steroids. This may cause shortness of breath and decreased oxygen levels and could be life threatening.,5/23/2016 15:22
Pneumonia,Lung Infection,"The study treatment may cause an increased risk of infection, such as pneumonia (a infection of the lungs).  A low number of white blood cells may increase the risk of infection.  It may become life-threatening.  Symptoms of infection may include fever, pain, redness, and/or difficulty breathing.",5/23/2016 15:22
pneumonitis,pulmonary infiltrates,"Inflammation of the lungs, which can cause shortness of breath and difficulty breathing. If severe, this can be life threatening.",2/20/2015 14:48
pneumonitis,Interstitial pneumonitis,"Inflammation of the lungs, which can cause shortness of breath and difficulty breathing. If severe, this can be life threatening.",2/27/2015 14:30
pneumothorax,,Collection of air outside the lungs in the space surrounding the lungs. May require lung re-inflation with a chest tube.,2/10/2015 17:30
portal vein flow,,"Problems with blood flow from the digestive tract, the spleen, pancreas, and gall-bladder to the liver",2/10/2015 17:30
precordial pain,,Chest pain,2/10/2015 17:30
Premature Ovarian Failure,,Loss of function of the ovaries that can lead to menopause,2/11/2015 16:03
Proctitis,,Inflammation of the lining of the rectum,2/10/2015 17:30
Progressive Multifocal Leukoencephalopathy,"PML, leukoencphalopathy, Viral Brain Infection","A rare and severe viral infection of the brain, called PML which can cause brain damage, memory loss, trouble thinking, muscle weakness, blindness and death. Notify your study doctor immediately if you develop trouble thinking or walking, a decrease in strength in you arms or legs, or changes in your vision or hearing.  This is a serious and life-threatening infection.",5/26/2016 11:27
Prolactin hormone secretion abnormality,,Abnormal production of prolactin. Low levels of prolactin in females can result in the inability to produce breast milk.,2/10/2015 17:30
prolapse of stoma,GI prolapse,Irregular protrusion of tissue through the opening of an ostomy,2/27/2015 14:31
prolonged QTc interval,,Abnormal electrical conduction within the heart which may lead to arrhythmias or irregular heartbeat.,2/10/2015 17:30
proptosis,enophthalmos,When the eye sticks out further than normal position; sunken eyeball,2/27/2015 14:32
proteinuria,,Excess protein in the urine. This may cause fluid retention.,2/10/2015 17:30
pruritis,,Itchy skin,2/10/2015 17:30
psychosis,,Hallucinations; delusions,2/10/2015 17:30
Puberty (precocious),,Early onset of puberty,2/10/2015 17:30
pulmonary embolism,"plmonary emboli, pulmonary embolus","A blood clot that causes a sudden blockage in a lung blood vessel, usually due to a blood clot that traveled to the lung from the leg. A pulmonary embolism is a serious condition that can cause: Permanent damage to part of your lung from lack of blood flow to lung tissue; Low oxygen levels in your blood; Damage to other organs in your body from not getting enough oxygen; If a clot is large, or if there are many clots, a pulmonary embolism can cause death.",3/6/2015 12:50
Pulmonary fibrosis,,"Tissue in the lungs becomes stiff making breathing difficult, resulting in shortness of breath, and if severe, can cause heart failure.",2/10/2015 17:30
Pulmonary fibrosis,Pulmonary fibrosis - radiographic changes,Scarring of the lungs that can affect your ability to breath and may make you short of breath.  This may be serious or life threatening.,5/23/2016 13:01
pulmonary hypertension,,"Abnormally high blood pressure in the blood vessels in the lungs, which makes it harder to pump blood into the lungs. May cause fatigue, shortness of breath, chest pain, and ankle swelling. Can lead to loss of consciousness and could be serious and life threatening.",2/10/2015 17:30
PVCs,,Irregular heartbeat,5/12/2016 15:06
pyramidal tract dysfunction,,Abnormal function of nerves in the brain and spine which control muscles of voluntary movement,2/10/2015 17:30
Radiation Recall Syndrome,,"Skin reaction that develops when chemotherapy is administered during or after radiation treatment, characterized by one or more of symptoms of redness, tenderness, swelling, peeling, pain and discoloration, that can be severe or disfiguring.",2/10/2015 17:30
Rash: acne / acneiform,,Acne; pimples,2/10/2015 17:30
Raynaud's Disease,"Raynaud's Phenomenon, Raynaud's Syndrome","An autoimmune disorder causing blood vessels to spasm when exposed to cold. This occurs especially in the fingers and toes causing them to turn red, pale, and then blue in succession and is usually painful. If this becomes severe, it can progress to local tissue death.",2/19/2015 13:47
reduction in growth velocity,,Stunted growth,2/10/2015 17:30
renal failure,kidney failure,"Kidney failure which is when both of your kidneys fail and your body holds fluid which can be serious or life threatening. Your blood pressure rises and harmful wastes build up in your body. You may experience fatigue, nausea, and loss of appetite. When this happens, you need treatment to replace the work of your failed kidneys such as dialysis.",2/10/2015 17:30
respiratory failure,,"Difficulty breathing with low levels of oxygen in the blood, which could be serious and life threatening and require you to have a tube inserted into your windpipe that is hooked up to a machine to help you breathe.",2/10/2015 17:30
Restlessness and Irritability,,"Restlessness, irritability",5/26/2016 13:50
restrictive cardiomyopathy,,Decrease in heart's ability to pump blood. This may be serious or life threatening.,2/10/2015 17:30
retinal detachment,,Separation of the retina from its connection at the back of the eye. May require surgical repair/treatment.,2/10/2015 17:30
retinoic acid syndrome,RAS,"A group of signs and symptoms that may be caused by retinoic acid and may include fever, chest pain, shortness of breath, chest x- ray abnormalities, fluid buildup around the heart, and decreased ability of the lung to absorb oxygen.",2/10/2015 17:30
retinopathy,,Damage to the eye that decreases vision,2/10/2015 17:30
Reversible Posterior Leukoencephalopathy Syndrome,RPLS,"A rare reversible risk of confusion, visual loss, seizures and coma that can happen in association with very high blood pressure.",2/10/2015 17:30
rhabdomyolysis,,"Rhabdomyolysis is a breakdown of muscle fibers. It occurs when muscle cells die and release cell contents into the blood stream. It can cause muscle pain and a number of health problems, including damage to the kidneys. If severe, this could be life threatening.",2/10/2015 17:30
Right ventricular dysfunction (cor pulmonale),,Decrease in heart's ability to pump blood. This may be serious or life threatening.,2/10/2015 17:30
rigors,chills,Chills and shivering,2/10/2015 17:30
scleral necrosis / melt,,Destruction of the white of the eye.,2/10/2015 17:30
Secondary Malignancy,Secondary Cancer,A second cancer related to the treatment of your first cancer.  This usually occurs years after treatment for the first cancer.,5/23/2016 13:50
seizure,,Convulsion or seizure,2/10/2015 17:30
Sepsis,,"A serious condition that occurs in response to an infection that causes widespread inflammation, resulting in poor blood supply to vital organs (Sepsis). Symptoms may include a fast heart rate, fever, confusion and rapid breathing. Sepsis can rapidly lead to a life threatening clinical deterioration.",5/23/2016 15:16
Septic shock,,"A serious condition that occurs in response to an infection that causes widespread inflammation, resulting in poor blood supply to vital organs (Sepsis). Symptoms may include a fast heart rate, fever, confusion and rapid breathing. Sepsis can rapidly lead to a life threatening clinical deterioration.",5/23/2016 15:16
Septicemia,,"A serious condition that occurs in response to an infection that causes widespread inflammation, resulting in poor blood supply to vital organs (Sepsis). Symptoms may include a fast heart rate, fever, confusion and rapid breathing. Sepsis can rapidly lead to a life threatening clinical deterioration.",5/23/2016 15:16
seroma,,Abnormal fluid collection in a tissue or organ,2/10/2015 17:30
serum sickness,,"Allergic reaction that causes fever, aches and pains in the joints, skin rash and swollen lymph glands.",2/10/2015 17:30
shock,,When you are unable to maintain enough blood pressure to keep enough blood delivered to your organs. Shock is a life threatening condition that may require hospitalization.,2/10/2015 17:30
Sick Sinus Syndrome,,Irregular heartbeat,2/10/2015 17:30
sinus arrhythmia,,Irregular heartbeat,5/12/2016 15:06
sinus bradycardia,,"Slow heart rate which can cause dizziness, fainting and tiredness.",2/10/2015 17:30
Sinus Tachycardia,,Fast heartbeat,5/12/2016 15:07
Sinusitis,"Infection, Sinus Infection","The study treatment may cause an increased risk of infection, such as a sinus infection.  An infection may occur anywhere and it may become life-threatening. A low number of white blood cells may increase the risk of infection.  Symptoms of infection may include fever, pain, redness, and/or difficulty breathing.",5/23/2016 15:17
skin hypersensitivity,,Allergic skin reaction,2/10/2015 17:30
soft tissue necrosis,,Death of tissue,2/10/2015 17:30
somnolence,depressed level of consciousness,Sleepiness,2/19/2015 13:55
speech impairment,,Speech problems,2/10/2015 17:30
spine kyphosis / lordosis,,Abnormal curvature of the spine,2/10/2015 17:30
Splenic function,,Decreased spleen function (possible infection and/or blood abnormality),5/23/2016 15:17
stenosis,,"Narrowing of a duct, tube, or one of the heart valves",2/10/2015 17:30
Sterility,,Inability to have children,2/27/2015 14:40
Stevens-Johnson Syndrome,"SJS, Toxic Epidermal Necrolysis, erythema multiforme, Stevens Johnson Syndrome","Severe skin and digestive tract reaction that may include rash and sloughing or breakdown of tissue. This may manifest as various blisters, hives, and other lesions in various locations on the body including palms and soles, face &amp; other extremities. This is serious and may be life threatening.",2/27/2015 14:56
Stokes-Adams Syndrome,,Loss of consciousness caused by a decreased flow of blood to the brain. Can be caused by passing interference to the normal output of the heart. May be serious and/or life threatening and require medical intervention.,2/10/2015 17:30
stomatitis,mucositis,"Sores in the mouth and esophagus, which may be painful and cause difficulty swallowing.",2/27/2015 13:43
Striae,,Pink or purple stretch marks on the skin,2/27/2015 14:41
stupor,,Stunned state in which it is difficult to get a response or the attention of the subject,2/10/2015 17:30
Sudden Death,,Sudden Death,5/26/2016 13:56
Supraventricular arrhythmia,,Irregular heartbeat,5/12/2016 15:07
supraventricular extrasystoles,Premature Atrial Contractions,Extra heartbeats,2/19/2015 13:54
Supraventricular tachycardia,,Irregular heartbeat,5/12/2016 15:07
Swelling,,"Swelling of the face, fingers and lower legs",5/26/2016 13:51
syncope,,Fainting,2/10/2015 17:30
telangiectasia,,"Enlargement of small blood vessels near the surface of the skin, causing redness of the skin or lining of the nose or mouth",2/10/2015 17:30
thrombocytopenia,,"Low number of platelets, which may cause bleeding and bruising. Bleeding may be serious or life threatening and may required a blood transfusion.",2/10/2015 17:30
thrombosis,embolism,Formation or presence of a blood clot inside a blood vessel.,2/10/2015 17:30
thrombotic microangiopathy,,Abnormal clotting of blood in small blood vessels This is associated with decrease in platelets with risk of bleeding and decreased kidney function which may be severe enough to require dialysis. It may also be associated with changes in ability to think.,2/10/2015 17:30
Thyrotoxicosis,,"The study treatment may cause anxiety and irritability, insomnia, intolerance to heat, fever, weight loss despite increased appetite, muscular weakness, missed periods (amenorrhea), erectile dysfunction, and high fecal output.",2/27/2015 13:24
tinnitus,,Ringing in the ears,2/10/2015 17:30
Torsade de pointes,,Irregular and rapid heartbeat that can be caused by some medications. May be life threatening and may require medical intervention.,2/10/2015 17:30
Toxic Epidermal Necrolysis,"TEN, Lyell's syndrome, Stevens Johnson Syndrome, erythema multiforme","Toxic Epidermal Necrolysis (TEN) is a rare, life-threatening skin condition that is usually caused by a reaction to a drug. The top layer of skin detaches from the lower layers of skin all over the body. This is similar to the skin damage from a severe burn and is serious and life threatening.",2/27/2015 15:21
transient ischemic attack,"TIA, Stroke","A brief episode of decreased oxygen to the brain causing blurred vision, dizziness, faintness, and numbness.",2/10/2015 17:30
trigeminy,,Irregular heartbeat,5/12/2016 15:07
trismus,,Difficulty or limitation to mouth opening,2/10/2015 17:30
troponin increase,,Abnormal blood test (possible heart problems),2/10/2015 17:30
tumor flare,,Sudden growth in tumor or worsening of tumor related problems.,2/10/2015 17:30
Tumor lysis syndrome,TLS,"Tumor lysis syndrome (TLS) is caused by the sudden, rapid death of cancer cells in response to treatment. When cancer cells die they may spill their inner (intracellular) contents, which accumulate faster then they can be eliminated. This debris from the cancer cells can change the balance of the chemistry of the body, which can be dangerous. Symptoms of tumor lysis syndrome include severe nausea and vomiting, shortness of breath, an irregular heartbeat, kidney failure, urine abnormalities, severe fatigue and/or joint pain.",2/10/2015 17:30
Type 1 Diabetes,,Diabetes requiring insulin,3/15/2017 7:53
Typhlitis,,Inflammation of a portion of the bowel which can be seious or life threatening,2/10/2015 17:30
Ulceration,,Irritation or destruction of skin or other body tissues.,2/10/2015 17:30
urinary electrolyte wasting,,Condition where the kidneys lose salts and can lead to a decrease in kidney function and a change in the acid and base balance of the blood.,2/10/2015 17:30
urinary frequency / urgency,,Increased need to urinate,2/10/2015 17:30
urinary retention,,Difficulty emptying the bladder,2/10/2015 17:30
Urinary Tract Disorder,"UTI, urinary tract infection","The study treatment may cause an increased risk of infection, such as a urinary tract infection. An infection may occur anywhere and it may become life-threatening.  A low number of white blood cells may increase the risk of infection.  Symptoms of infection may include fever, pain, redness, and/or difficulty breathing.",5/23/2016 15:19
urticaria,"hives, urticaria vesiculosa",Swollen raised areas on the skin that are intensely itchy,2/19/2015 13:52
urticaria vesiculosa,hives,Swollen raised areas on the skin that are intensely itchy,2/10/2015 17:30
uveitis,,Inflammation of the iris of the eye,2/10/2015 17:30
vaginal mucositis,,Irritation or sores of the lining of the vagina,2/10/2015 17:30
vaginitis,,Inflammation of the vagina,2/10/2015 17:30
valvular heart disease,,Abnormal heart valves.,2/10/2015 17:30
varices,,"Enlarged veins, usually in legs or lining of tube between mouth and stomach",2/10/2015 17:30
vasculitis,,Inflammation of blood vessels that can lead to damage of different organs,2/10/2015 17:30
Vasospasm,,Blood vessel spasm (possible blockage of blood flow),5/26/2016 11:30
vasovagal episode,,Sudden drop in blood pressure that may cause fainting,2/10/2015 17:30
Veno Occlusive Disease,"VOD, Heptatic Veno-Occlusive Disease, veno-occlusive hepatic disease, Veno-Occlusive Liver Disease","Hepatic veno-occlusive disease is a condition that is characterized by damage to blood vessels in the liver and liver cells. Although it may be mild and not require further treatment, sometimes it may cause a severe decrease in liver function and may be life threatening or fatal.",2/27/2015 14:39
ventricular arrhythmia,,Irregular heartbeat,5/12/2016 15:07
ventricular fibrillation,,Irregular heartbeat,5/12/2016 15:08
ventricular flutter,,Irregular heartbeat,5/12/2016 15:08
ventricular tachycardia,,Irregular heartbeat,5/12/2016 15:08
vessel injury-artery,,Damage to a blood vessel that carries blood away from the heart to the tissues,2/10/2015 17:30
vessel injury-vein,,Damage to a blood vessel that carries blood to the heart,2/10/2015 17:30
viral hepatitis,,Inflammation of the liver caused by a virus,2/10/2015 17:30
viscera - Vessel injury-vein,,Damage to a blood vessel in a belly organ,2/19/2015 13:29
visceral - Vessel injury-artery,,Damage to a blood vessel in a belly organ,2/10/2015 17:30
visceral arterial ischemia,,Decrease in blood flow to internal body organs,2/10/2015 17:30
Vision Changes - Permanent,"Vision Loss, Visual Disturbances",Decreased vision or vision changes that may be permanent.,5/26/2016 11:12
Vision Changes - Reversible,"vision loss, visual disturbances",Vision loss or vision changes that may be reversible.,5/26/2016 11:12
vision-flashing lights,floaters,Seeing flashing lights or floaters,2/19/2015 13:12
vision-photophobia,,Eyes are more sensitive than normal to light.,2/10/2015 17:30
vital capacity,,Decreased amount of air that a person can exhale (breath out),2/10/2015 17:30
vitiligo,,Patches of skin color loss,2/10/2015 17:30
vitreous hemorrhage,,Bleeding into the eyeball,2/10/2015 17:30
voice changes / dysarthria,"hoarseness, loss or alteration in voice, laryngitis","Voice changes, laryngitis, hoarseness",2/19/2015 11:02
Vomiting,,Vomiting,2/11/2015 16:03
Wolff-Parkinson-White Syndrome,,Irregular heartbeat,5/12/2016 15:08
wound healing complication,"wound complication, non-infectious",Slow or poor healing of surgical wounds,2/27/2015 13:45
Xerostomia,,Dry mouth,2/27/2015 13:43
